guid,Retrofit_Cost
f3a21b5f-0334-4d77-911f-faa9a45c92d7,6262621.09
80ab0289-8c72-4699-b12b-08ef2f2a5c91,13171013.32
7916eaa8-0bfa-4b32-84ff-20f19a520f5c,3543901.07
79008971-a534-4e45-9e40-43a2a904e59b,16507933.11
2ad8ab6f-057f-468e-9911-6e92d9d4d01f,14967464.48
42167885-ea18-41b4-be8c-5c09c330d312,3546645.14
2f8610f1-40de-44db-b3ea-1a0377e3e108,3400556.08
3dab0b4b-42eb-4df6-a5e1-c1882df41704,7750299.04
e474c4ef-a091-47ab-85b4-ef0459e37834,10845610.0
335d18da-7a60-4f4d-8c97-d35e0f3a1360,11389327.87
eb47b2e1-0f51-4e93-bd00-979cb6992b18,4511251.08
910074f1-f88e-4af3-ab70-15c6c62fb16d,14832613.04
aad9f3d3-88f9-4d4c-84a9-1895ad86ac98,8331649.87
7f789127-5219-46e8-a876-5c9d3e7be948,3464584.38
0368d9c6-8949-4c8a-a6f8-660606690500,5180412.15
a62ca987-944d-4b72-b5df-2b3f2efd03b4,4284277.29
031d5685-612d-49bb-9c7d-b5fa2f44abf5,17284374.25
2262ceaa-9bfd-45ae-82eb-bfecfce0bc05,3944404.62
7b863546-f113-49c9-8e99-d85db1451850,5730271.51
b191108d-5b6f-470d-8404-c3c03aabde90,3313399.19
9da4ad79-7e68-40b0-9b51-776df9d3c353,3363445.8
066ed012-4acf-47d5-a82a-09bec1b8ce95,3333261.03
bb5d8f44-9512-4f79-9960-17e968075cdd,8635326.95
907cc67f-46e2-49a0-8354-3eeeee5f58a5,8181118.03
cfca6de4-a4b0-4e92-890e-287f8ae05af1,5386217.4
8bedff88-ad0a-4b3a-acdf-c69e638caacd,3759767.91
11552d11-1930-48cc-9129-b407164202be,4710653.5
803d2e81-0b03-476e-86ef-7dd954e92606,5688979.79
bbff89ac-218f-4eb6-b435-af77c6315378,12699947.97
8e354c98-b37c-4548-98b9-e8b1620e6cfe,4840539.48
9df05672-2728-40e3-98f9-105b04470b90,5682054.28
321a0288-533d-4b37-9260-9b090f5311da,12427762.36
21007ce4-c57c-4584-ab91-c970e788389f,23253641.19
ee4cc2bc-0709-4ded-bdec-754e06fc9798,8700269.94
d3637889-c05e-4bcf-88d3-273ea2d839d2,3917878.61
c925ef03-4786-4161-b2ee-55b4f727e6b1,3684501.99
bd845514-1fee-461e-859d-8a9dbe323bbd,5644290.65
1b192e4e-05d8-4f7f-8699-66bd26174c62,4871116.26
4008b856-b536-448f-ba88-b02b861fd0a1,4297866.97
9af417c2-f1fd-4ef1-9ef8-f4dde62b246c,3893835.33
32e17af6-2349-41e1-a69c-45fbe2b0563b,4740576.93
0fdb482d-761e-4aba-a37a-8e4a87ac841a,8277683.16
c3a296a6-0a3f-4c0f-a9f5-a582d1426911,4061354.27
87886606-1cf0-436a-a4c0-790cb18e6bb4,4385415.87
2a740917-51ae-4c68-b38d-1950adab401c,3937348.44
5d54be8a-b352-437c-961d-829f4cc3c66a,3556314.72
66cb003a-d2fb-4834-ba96-271e85bf1cb6,12459384.5
9ce2bc17-5f08-4d5f-a42b-bd96cd78912c,7381940.31
55017c14-4a92-4506-9de3-1d33ea6c384c,7596631.12
012f2cd0-9421-49d3-8e5c-c1a6be2ad7dd,4123161.18
8b514323-d99a-4528-ae82-df8d910152d6,4933968.53
e88563e0-d1e0-4846-a9fb-9f122784fa9d,3723833.66
3f68dee3-4132-4d6a-a53c-4989499ae63c,8344455.53
52583662-fc9a-4f46-a77b-ab812d4fedb8,3734417.93
8b1b6037-2a52-4b04-9ca7-0bfb4f7a552f,4812314.76
af410a89-e149-4219-b74b-3c3e335b02e7,9772155.95
8da0f4e6-0fdd-4f92-832a-39dc3f7f3c93,6367026.42
a5dc591d-7e29-49d5-b83c-c9ad9cb762fc,4313678.04
7ac99373-4956-4b18-918c-45b1b6961b5c,4194899.01
b7394938-7800-4618-a7b0-de0abc95d6da,6285227.0
d85823e9-4af0-4a65-aa09-ba9923a3a411,3933167.0
fce86173-ff5a-47cd-a28b-f0c50ce2dc25,3058200.68
faff53dc-b80a-4465-84c8-3131a22903bb,775918.46
1bf3562e-0935-4a71-905e-bb4981b08ae9,992307.98
d7a941dc-a495-4713-a136-585dcddab451,929325.04
f082cf66-a302-4a31-bfbf-a761b1034792,959640.48
acfbefba-9cc4-4aca-8da8-be27ec057317,2478809.9
075015a7-9d76-43bc-803f-bcc5e0603ac3,857456.54
fbbefeaa-de4e-4061-bd03-fa81f401af45,764158.16
2d4cd4b8-5483-45d8-b0a7-d8bf5062e25d,1529884.36
60955849-54c4-401d-b5ae-03c6adaa2207,1283310.07
4512ba4e-8ce9-443d-afab-cc66b0f9b952,1948551.04
85b8b03b-9cf0-4ea5-a3a0-4d6f550ae4a7,699084.5
0af67d2a-433f-4154-a90a-5ba5a64967ca,1153685.43
8e07c79a-0d9c-473e-bd9e-1c9e800924a8,939778.64
e67bb5b4-4877-4f67-94dc-20b3ed7b66ab,676217.25
fa223485-37fd-4978-afdd-1e8178072ed8,716202.27
87b072c1-4b25-4b98-a40a-a9d1f8ff536e,724957.16
bcb7938b-5a23-4279-9391-52185e3dba73,2827176.12
b9ab713a-c87a-433a-a4c4-bf3f69cbfd91,675433.23
5cc062c9-d658-4d06-8981-4556db093331,853928.45
c66f7cd4-b070-4f4b-99d6-3cf49881a411,2772817.4
0fc65467-53a8-4084-b281-801e6f66df10,773827.74
b907177e-02a8-4194-abca-2ad7d6c33596,773958.41
497626a4-6d7b-446d-9abe-178040dbda8b,797740.35
69b86483-6bb1-44a5-82bc-111353e8da99,875096.99
ee6fb18b-79f5-40e8-826b-3b93580c2537,1691261.81
8586f410-8338-4519-acc1-f62ae51891d4,1304347.94
6080271f-ad5a-43a9-8ada-2b013f558f91,1624750.78
a1d09c24-450b-4ed8-9711-932a8038418f,931415.76
2892dda2-0626-4e6b-91a8-4759d8c4347e,690490.71
7d9d9cbe-9b81-4a16-89be-5bc1af1e4982,741813.59
bf460561-ab8c-4913-bdc9-1abeee1c0eb4,2269476.56
28a8ae6f-c2ae-4056-9344-78bdf74efd10,1926206.47
c58747cd-a18b-4d79-8a15-30eba0e98844,922922.21
a8fe2a82-242a-463d-8551-8aaa58bce893,1066136.53
0813b932-3978-453c-aebe-d6bae078f6c1,2130443.68
e7534d2b-93d6-42ec-a61f-3a0bdbd0a2a2,742597.61
853889f1-99bf-4c8b-a01d-8ec60383b380,819562.24
ee294585-848a-4144-8ff1-ef2eae2580a4,1272987.14
909119c7-32a1-45b5-9c4e-f64724d82d46,943306.73
8149589b-8615-4b80-a575-aa5bdfd27b0b,925535.61
33251b26-4cd9-431f-915d-df71a17c70b4,857717.88
e89d271f-e9b0-4599-ad65-99f8f285e2fc,665371.64
a644257e-aceb-4dc2-90ff-f44af089a3a0,1319296.23
ce9a82e9-f0b7-4ace-8feb-a85c3b45e661,869795.01
0df038af-768d-4244-b342-d36583e39c2d,1604627.6
b5dd25eb-da54-4dd6-99d4-4b7bf5dee330,750176.47
fb0ec60c-4e69-4d51-8416-51efbfdcaac3,850661.7
a8f2bbe0-eff7-4b67-b23c-fde7efbe2f76,1780640.09
81ee5ba9-b537-4781-aac7-6e44102bf6fd,1795536.47
b99cd398-e269-4e54-8932-10ddf2cd65d4,712412.84
1f7dbd85-1b5e-4a88-afe9-3ff723791ad6,725349.17
5697ddc8-be4b-45c8-87f1-300928908dc9,703265.94
5bf2a907-21ca-4c68-9ecf-d1226264a927,970224.75
54cdc59d-1bd8-4de0-9351-9c8917ff5512,1425217.69
a73e81e3-5390-416c-93c6-3098da11dd50,1443380.82
1cbceab4-6144-4602-9ba9-9ead5f08e992,2424893.31
98471be9-d3ac-40f6-8cd6-56d994e7a3de,991654.63
036feca9-2cb1-4844-8bf8-36942fb59261,760630.07
09f6c122-fc31-402a-b26e-a3c3098d8908,1134738.28
0f9042df-1fa1-4bc9-9cd4-f14534b97039,1535111.16
c5d87aaa-a2bc-4a8d-a4da-8d852a95cd98,1864660.9
431ce2bb-768c-48b6-abec-cbda9f3e9cfe,681313.38
65fc43b9-3ac7-4a02-93b5-a4d2591e3480,1195891.84
89e0d86c-94ae-4de8-b695-87a965a90eeb,3233951.83
23900f44-469c-4600-a6fa-f065454ac2bd,1240319.64
99562403-c556-42db-b096-e6ef5522c8fe,716202.27
cae465a0-8d36-4eaa-9bda-886067841864,2304757.46
bff4bfce-8b10-4665-aa65-a7929aaeaaf9,3041997.6
0071c082-ed85-4352-bdf9-d84112e84a71,943045.39
128de776-940a-4f5f-b50c-38e93557d368,583923.06
bbf73786-8336-485f-a7a1-4f087ca5b969,826095.74
4b4d724d-f68e-462d-8554-197b1820853c,677654.62
30581b7a-7f95-4197-8525-52f8b3a918d3,663019.58
3e1ed58c-f227-4eeb-9ddc-2dbc6a2fecb2,718292.99
d701f479-6316-4143-a27e-bcbdc43305a0,713196.86
b1ad2e30-a2e1-470f-9fb9-00a0efb9f5cd,1109910.98
233c9739-bdfc-40d2-850c-f1e4e8aa76ea,1171456.55
d5583d86-3ea3-490b-adc1-f5a819954bea,2642931.42
b66291a9-ac33-4ec1-8684-30c4fd2bb36f,2491615.56
a65b8ddf-5e76-42c9-ad36-e760f0392fde,1171717.89
9656548c-bc65-4e2e-a6fb-b6f96883e060,1253647.98
4180a765-c371-4ff2-b28a-05a3d590fce6,621701.01
177a50b2-7d0b-466d-b15f-90603b533d05,621475.47
fd0342ab-6335-473f-a2c5-d12fbc64d840,738192.42
f11f37f6-948e-47ca-8a24-1cd907004fa6,608506.92
3c4f879c-d11c-4f81-a88d-c57ffd586f00,750176.47
5a1d1f8d-8bf7-4266-a811-b933534bfae4,661451.54
5a98b9e5-f90c-420d-8fc1-9ac7ed67abdd,649952.58
3e0284a8-3860-4c1e-8576-531b6e2eb93a,1110825.67
e7fe3c6d-0f7f-46f4-a03e-5f51ce55fb8a,1247898.5
a5c879e9-d5b6-4b43-a605-57c0d65c4839,1181387.47
67ac8c31-49ff-4cb1-82c2-858048c5fa89,839554.75
e896c8ce-7bd9-481c-af31-731b53a3d4b6,929325.04
7b326f03-8481-4f22-9823-1ed91189c163,736456.12
5b62d6ee-2d32-46ac-b5dc-2241c123a77b,2130313.01
ec23ea4e-20c1-4ebc-b4ba-d9d41e5152c1,780361.24
388284c6-605a-43ab-b984-b0e811d8d00c,714895.57
7f696096-8e07-4546-9eef-96760ce427bf,1642913.91
f78f2e6d-ec41-419d-aa0b-cc94f4133057,765987.54
deda01c8-1b2c-435d-af1d-a80ec7ca2526,1084822.34
9af446ac-fd37-4e82-945c-9b5c04ab7571,763112.8
d5806eae-d011-476e-afde-20645b51ad8c,677523.95
02e6f56b-d66e-4714-9c5f-ecccc05340c1,1001324.21
e73748b4-b143-4bb4-8804-fbdea5350cf8,1448868.96
83df1922-7407-403f-b1c3-84205f67653e,1029810.27
44bed902-b36b-430b-91f7-298f3c02fdcc,1848327.15
3fbf48eb-ff38-462a-9fa8-18fbf1312501,673473.18
a6bd9773-79de-4bda-b6f8-c2805ad993a0,1074238.07
4665bec2-3f61-44e5-9390-5b4f3e7f885a,3117916.87
2ffb15d2-ae2b-44b2-92a6-5ac2ab573910,1881125.32
10c7aea1-7110-47c0-bb1f-994703bafd1a,1616387.9
ea282237-e042-4029-9b9a-5cfa49accd42,1430313.82
3a2b867d-f807-40b1-8679-1c85d75d3b48,1681461.56
00b327b1-d15c-4bc4-a82d-bf3dd35dfc33,2621632.21
7114f04e-d21d-4f25-8f11-c407ab94bad9,1564119.9
f592a7de-06b4-4f26-871b-fe07af861bce,1242671.7
8fabb1ef-0033-46cd-99bc-679c7ecf0d46,2738712.53
7f7f8a55-eb07-46b3-b260-d3cbb34ac6cf,974798.2
31b707e3-2ea0-4e75-973b-5ee4ff15574b,649429.9
a66e08ac-8d49-40f0-9249-24941e099589,1490552.69
344ddea3-8239-45ba-bf81-16a26898a753,1279651.31
2c10b250-0727-49f3-b1f7-2de68beef91d,1081816.93
ea0e8cbd-f4dc-44e1-a13e-c856f5154719,673995.86
c949fa98-9634-429c-aa34-7a0663ad15a9,1125330.04
64e80719-4679-474d-953e-fef1bec1c476,1270112.4
98bc2f59-caac-4819-aa37-515503680877,805841.89
5488f7b9-23fc-4705-916d-c3ab8fd26e06,3012335.51
454b5db0-c1c5-4562-b79f-27c6ee8b3202,993745.35
49342c23-0be5-4029-9f06-6e990658f6e9,856280.51
ccc28976-7cbf-4c68-bcca-3ca7a5028a96,1000540.19
33e5fc23-07cd-4346-979e-e4a4962ee611,1494211.45
e91a4a5c-c480-4949-bed0-13f2d873a2d6,914820.67
05a215cb-c3f4-41d4-8c65-f2187278b0d1,1156298.83
80d15c73-8ea3-45a0-b669-c875e93ce026,658054.12
f912c2b1-860d-4fd3-9112-6b7398fc3211,1366285.52
2a1b7d11-eb49-43ae-9583-5dea7d7349c6,1184262.21
ed400494-5ce6-45d3-bddf-327fb75cce6c,1128074.11
3ff8d13b-286d-4e71-9f92-2c5f1a0906ad,1113569.74
28961f40-845b-420e-a3fd-a126c6f76d4b,3056893.98
74385a76-4715-4c39-9a20-28f23c1d0af7,879670.44
2f5b7fa4-7407-4928-bcb3-a0a182dc0115,877318.38
b8168b87-bc87-4639-9dfb-9ae9722df65c,3053235.22
bbaa70d9-44e1-4366-b23c-ad554a8bc9e8,805972.56
ba1402c1-13af-4e48-8784-43e2b42332ae,790292.16
0722a1c4-6d89-437c-adde-69f36fe701e0,2781049.61
b3aca286-4ba3-4d56-974b-4fc6a834e081,1226729.96
8bc61b2f-52a5-4c13-a82f-e9326f745dd7,1517340.04
0734dbed-735a-4320-b7d0-6f3edb749f2f,787156.08
d97ffd5a-58a7-4c8f-9a02-ac5c11154f45,3255643.05
3d751a9b-e687-44fc-8c46-bba28a9a817a,786119.67
ade4ddac-5732-4c4b-96da-f1df38bf1043,771459.57
85687bee-e8a4-4f6e-99ea-6194ebe4fce4,669030.4
554a092e-6ce3-4cf6-815e-c418c11d5b56,598019.31
b9ed3ee0-45ca-4b0c-a71a-e35980cfafa8,1271680.44
172075b5-fdb5-489b-be15-e38624b15881,1151594.71
a76fd7df-f5b7-4e67-ae78-781e2224c099,1674666.72
089e437e-960d-4e9a-ab29-06abad160c14,1071363.33
f05f489d-177c-41b9-9b59-381a406f62b2,2101304.27
5e0ff52f-3bd7-4ce1-b47c-6b9278ea4722,879409.1
f95e0aac-52aa-48b7-8807-8c103f50759d,1300689.18
7a4724d2-608b-4b1c-b5dc-9b2bb964bd70,2519317.6
86c3ee51-a9ee-4aa1-993a-7fbe9640489e,770038.31
054c10d8-179c-41ec-90e2-d89b26cbb5f8,896134.86
af71fb23-dc84-4ea5-914d-ee27604c7f2e,1378699.17
cad8e05f-f9fa-4614-af79-8e523cca9d9b,1034906.4
ceef46c0-5814-44a1-a087-edd990003ba9,969832.74
1e35adeb-2d5c-4219-86b4-f051a2f1905c,887379.97
2c651c18-7836-460c-899d-6c4a06b8e132,1220457.8
a32060cb-259c-499e-b94c-c8066854df98,1183216.85
0b9c4b36-591d-4f56-a56e-0404339b31f5,884505.23
56de7d63-0855-4548-9942-0eba75c8261c,1262010.86
38c35673-300d-4cd0-9232-e364ffdb9144,769123.62
2cf6f83c-8cd6-4903-8831-b76c4ff3047b,716594.28
b8ee7b38-6eb7-4cfa-aa10-9b5c19950afa,1165315.06
372c6620-21ad-4bba-9331-1e6c7c857747,866211.43
64dd13a6-c3a9-44d4-b41b-a11285a8cdc4,1374125.72
28b81736-4c6b-461a-b8d5-efb4bdac2088,689153.58
8efe7060-d23e-4af0-8a58-5d84efc0d716,2422360.46
7068163e-cb5b-4c55-9f0c-40d5f5ab84f4,2879836.13
d7f57527-4432-44ee-85b5-2c2c7f40cef3,969048.72
8fa39140-063e-422a-8de7-07513402adae,2676905.62
76569fac-1fc5-47b8-8ed4-a5304d799938,762982.13
6e77294e-9191-400f-813d-7cc9bf4d49bb,1059864.37
41cd3882-64e4-48cd-bbb9-25cdcc25c134,947618.84
9191bd5c-0264-4b8f-bd8f-8f21062e3fe7,733712.05
9a4bebde-4f36-41fb-8570-e9f9a4f07833,1058427.0
670e8632-867e-49e6-b4c2-08d14f83b7e0,686278.84
312a1211-036c-47f6-a2f9-232dfdf6f968,2594191.51
95b1babf-05d1-4f88-94ae-c51d1cb76537,753835.23
6be55f60-cd15-4858-bb1a-53d53684c746,1582021.69
64de4aaf-51be-4d69-b226-33b90eaf8515,874966.32
d0d592b6-35a8-4ff4-b8eb-2fe39fd2dcca,1188312.98
d4ac06d1-1ab4-4120-ba19-848de15dd2d8,732536.02
d1afd2cf-ea03-4a9c-b70d-f497006eb621,2640056.68
91328cda-b3d4-4c24-988d-6faf874f38a9,655310.05
8a0b11ae-bdc1-48b3-a9b2-8509115ddf37,675041.22
ebc4529b-fe16-46d9-88bf-20922fbd0f74,911684.59
0b7438fe-bcba-4b02-8bce-2196993680cd,1235876.86
7fae59c5-c1ba-4469-8285-261156afdb4f,1383272.62
5acc3aa2-7c65-4e89-ba50-e07109549d11,2325533.99
13729f97-c34f-4626-a1c5-4687308d35e1,810023.33
13c3839e-5c55-4163-ba00-63cbeb73d64f,918479.43
d98fcfa5-7663-44c1-ae95-087a69fad21c,921223.5
159c48c8-7d41-4f86-a3a0-86ffd3aeff36,1981741.22
b37bbbd8-638e-485d-8d9a-ebcb414f6c84,843605.52
77b7d142-e408-498b-856f-6d655f3d448b,770299.65
7e0143e1-af60-4a87-9e05-48fd2d476294,858632.57
b8f3cc37-eb36-4222-a46a-bd7b9530dba8,1602798.22
0b936593-202e-4bc1-b379-f2bfe6a5c9ec,1022754.09
b201846d-57e9-42ba-8fd4-c3447d732384,1705243.5
75099ce0-f7db-4687-a512-243c280a9359,1083907.65
7666aabc-138c-42e9-a8b4-8e1c7c9e5648,676217.25
0a295abd-b93f-4f62-b251-61a4298e6fe9,675694.57
57cf9cc5-fe38-4477-82c5-a0757fa45cbb,886146.66
45c90ed0-75e6-4b11-85db-703a9406361a,699868.52
3eacc991-4d7f-4807-a606-c6309a102e2e,1119580.56
5e6d79dd-6cc9-4573-beed-aa08ce36f18d,1004329.62
60292da6-4e82-440c-9a9d-e06fa84abd4c,1879818.62
8efe7400-11de-4889-8966-b79adbb2c2c7,918218.09
2d01de25-f386-4012-b361-c9f8afc28e28,1167928.46
22c1092c-3af8-466d-a51f-e7624308ce59,3292099.98
5edad9cb-3e3e-49c7-aaeb-d7e72d15fc72,345099.47
bef5d401-9ab1-49a3-aa57-d055220dc4e5,3486014.26
04dc6522-ab9f-4835-b968-2e65c2b510ed,1106252.22
3b725166-2ab8-42a1-ba30-15086e93f5b4,1370597.63
744da2eb-cfdf-474f-8502-b24154a94128,718031.65
b646b6a8-116b-4718-946f-da8d6e4ea560,845304.23
9c29d144-6d54-43e9-98fc-c55a0e1de558,3217618.08
fcfaa571-4eb8-495a-9545-b81d1edf9933,1620700.01
789e5e5e-100c-481c-a701-b8c50f64def6,1317284.27
62ed0a25-0ab8-4247-bfed-1edb4692b56c,727962.57
b367cefb-1ebc-4ee0-8657-cf3cc18d305c,913644.64
930c49a2-f573-4cf4-aa20-fc70910fce0b,789638.81
ec5bfd30-9eda-4308-97c8-1fcbbc7ed254,1285139.45
a233910b-3e3d-4691-ad43-3972abe7c48c,769646.3
d77cebe0-9af9-4ef9-b3bd-0b767e2f73b6,752528.53
ef581011-7a44-41a6-9132-787c5a09faf9,676478.59
f7d5064d-8ce8-4e24-a3a4-6e557fe9b2a6,819170.23
f3e2d76e-8228-4a69-a93e-240c34fdc271,2589879.4
73d034c7-94f8-47f3-8da1-d363a75f395e,769646.3
361303c9-d9a5-4ce1-a88e-81f1883a94bb,1408491.93
b41173e2-da59-4df0-a62d-e982488328c8,860723.29
64a981ef-3930-49b5-82ad-c30574f0dcc0,1262533.54
6b83cb19-483f-482b-af66-c712e2e3d965,3198801.6
5ad66e24-cb92-4d53-bed2-e18c97edaedc,899662.95
4612ae9f-67ea-4615-a969-4051aec8f0e5,2634307.2
a8600291-9b6f-407c-a0bc-a8fb58b83299,1108212.27
d69ddd5d-0a25-4db7-8b31-81f578a96be6,685886.83
1d559f95-3e9c-474b-aed5-c52a39283eaa,2526243.11
b00ad0d2-6067-4a14-90a6-ff1dc43a355b,1368898.92
6281719e-b104-487f-872a-0c2d529248a4,1760124.9
8feddab3-d398-47dc-9f28-db409712f070,1750716.66
31ee5ab9-269a-47ea-ad00-b7938b940de7,149486.48
9501b6f0-77b5-4a1f-bbb5-d3c1fa911c1c,207045.72
f40558c4-eb44-469d-87c9-4e466c8bd82c,118779.03
8e9dac90-36fd-487a-9628-e050c9db4b84,326282.99
3cb77e64-fe97-4ad9-998c-4f5a8f954bfb,597031.23
bae20009-b3e3-432d-a929-11ed08d0574e,54881.4
5915d44d-44b6-4951-a602-8e9d33236aad,40507.7
d941b38c-f1e7-42e9-81dc-d2a134d02612,265390.77
301e40cd-6ba2-4228-bcd6-32a1378c9b15,45995.84
839160f1-a48d-4bfa-8c3f-d4f83c0f9fc5,175620.48
37435d6e-29c2-4866-8315-afa3ad328993,381556.4
de1581c2-a70a-4ea2-a153-fa61666d03fe,183460.68
e73fc66b-4143-4375-a9bc-95249d996713,430688.32
4993a7e1-871a-438b-8f9a-6ee17c212b3a,375414.91
026f6d6b-e6d6-4c24-a03c-9fd606651d5c,126527.94
804814b0-e581-4f39-9744-61636339b023,198362.43
ee619d26-7038-4a86-82cf-981b23c2974a,32139.45
25f7ea93-c98a-4346-a4ba-0ba8331493b9,158103.54
8663da0b-6098-40a3-821f-7b4797688c53,32703.3
73f09fcd-b4e5-4ebf-ad55-22ed20ec76ef,33831.0
aa39db27-6a80-4c3a-ab04-fbd820a1866c,178495.22
5d609321-40fc-41ec-b6e1-591052c19874,30447.9
65f8ebb0-98a6-446d-a68e-7d11307f1808,155509.83
fcd031e7-926c-40d0-be93-19c491b48e18,332555.15
ca6d03d2-820d-42e9-b247-fa173ab9891c,226554.93
747e73e1-8f10-4908-a899-1560f694bee5,160810.02
41274459-6111-4f2a-81ca-d2e47391f762,128783.34
082f193a-9608-40d2-be1e-fd67292bec79,427736.61
d918b335-e8e7-4f7c-bcd4-585f00725689,413076.51
bdf91591-79ae-4e00-8c3f-30353c60396a,29432.97
3f4fa0ee-14f0-41eb-b918-dfac49298c27,34282.08
0f0b6287-9514-4962-afb5-5fd17ca37603,157990.77
c06e85c4-7739-4c5e-9fc9-6d4225bde64a,213924.69
34ff47c1-07c2-43d4-8937-86329066c547,342486.07
25a0bbf8-a9b0-4b21-bad9-fe4577d2f97f,431345.25
c1ba9d60-30ca-4853-923a-f2a792d3459c,342878.08
511aad63-a438-4626-a723-faff331fedc2,32703.3
177b1f7b-1309-4da8-9d62-74bdb8feeec0,156863.07
908410dd-963e-456b-9347-ab9fe650fb6e,216405.63
108aef84-ae26-4b3f-8866-e5b5f14d77c0,488444.46
ed8036a7-a0e4-4edb-a20b-bfe27b6dcff0,340264.68
5e2c5d1f-5a88-497c-9874-e82fb5c9fa35,485047.04
36a5b146-221f-4afd-b7a7-bbaf2030de5a,574948.0
5dc418f8-4c3b-4df2-a4ec-a97ce0e8418c,534178.96
f5243a04-3781-4cc1-a7a4-04eee7e731b5,101831.31
536ec68c-077f-4c44-a8e7-6baf724411d0,38341.8
30e07041-eadc-4d32-8fb3-b2e3912de9c0,23456.16
f7e63620-a12b-40ad-870d-fee403a76dc4,50182.65
be7bcbfc-ddd6-4389-9e31-907294c292e3,133519.68
2891e2c4-1782-4d7e-8feb-05d9baf487ae,139270.95
0abd531c-4ad1-4323-ac5b-f8bfc5d16e7b,45784.62
8e6e1234-d9c3-45fd-9139-5e506d15ed45,158780.16
eab925bc-5afe-4e6f-96c9-1b58f459474f,84577.5
d4d1aaeb-080e-471a-a9e1-6f93bfdcacbb,623426.57
4de3d63b-5115-40d5-86fe-2da9bf78943e,36587.6
e7dc9713-0e9c-47e4-98b2-7527174c110e,178103.21
8f57c5c8-c25f-4e66-b7dd-b5b333a502bf,534962.98
0eb142a7-fdc6-4557-856f-de5e339a5168,167257.6
e3b93abb-a39c-4adb-8553-fc555d70cd44,310994.6
929c2301-2fbe-4041-9585-2363dab936e0,246289.68
3dbf3056-1c61-49c7-8951-78b3b21cd1ef,195092.1
89308cdb-0b72-46f9-be19-f25a60549169,212909.76
fc676030-4975-465e-866e-748759291c26,125625.78
84f4c2cc-9537-44a6-a891-1c7e0395a99e,134872.92
5c4bb6e0-635d-4a5a-9912-28682da902b4,129234.42
feb64d35-9b35-4ebc-8929-ed210e4e686b,162276.03
f16a485f-52bd-44b9-b257-ba17700b0469,29771.28
c476ed6d-0957-4c6f-93e3-843a966c4bf0,420496.06
8ca000f5-04fb-427b-b85c-2471cf1b2af6,315960.06
a861141a-405e-44ce-8f9d-785d37907059,286559.31
33346df1-abe3-40d2-aafe-9133c668bf7d,132843.06
2711dca7-092d-418a-8cec-d714af8301e4,448590.11
3ceee558-76d1-4a14-abf3-25c7b9184eab,573379.96
5d2fb679-6ab6-4f3e-8b41-c9e46229536f,130474.89
325ba0be-80f4-4731-b2e3-c4bc0e4cada6,308381.2
4faabea7-25d5-4077-b44a-1ef8b83e57d5,41814.4
79724165-e48e-45a5-b6d6-7ac4ce0326b1,36650.25
bb4c6332-2e54-4602-8666-56296b196880,548683.33
4f07c3f2-094d-49c6-90b0-829098bc0860,599775.3
9443291f-4deb-4c1e-823a-8bef52d475ad,129121.65
5d6c678d-0d00-448e-9078-0f78be644af1,107357.04
4bab8c30-245d-4f93-a0de-5f3ff74e78fe,409650.45
803247a9-e683-406e-b067-771aea21979c,326152.32
aad575c9-3517-4862-8174-04091d2374a5,175244.58
de9b8842-25d2-4c00-b7d0-489038cfb104,164382.86
26f50a6f-e9b5-4add-a11c-2c7194f1bea7,84577.5
5f67704c-d263-4054-9693-261728ee1a9f,194302.71
ac917fae-52dd-4c30-b298-7787cdfd1f2e,85479.66
fb6a9377-e813-45dc-8274-e38fa0b8cb14,119085.12
d3b5254c-3465-42c3-b9ac-94f9ade06b39,193175.01
96bc9d1e-fd7a-41d2-8b6d-344e5a9d8d91,224412.3
cd463edc-7ab0-487f-9f60-c89a874fab1b,152690.58
ee84989c-d262-41c9-b468-73064e874571,123708.69
48f14ade-5129-4a02-a850-341e4b0f3281,240425.64
b54d6000-af7a-45da-a5d9-cc350fbddad1,172425.33
1070af1f-a6cc-42c9-b8b3-4511369ad9a5,189002.52
707d2b96-394d-428f-8c31-5d4ea4e69910,385737.84
2de665c3-9e0f-47fc-929b-d9886e5e76b0,124610.85
b1ce02f5-3276-412d-b0b2-ae364c718dbb,531565.56
9e7abbfe-fc73-4885-9947-3ebfab9360fa,314653.36
a5b92629-1bf5-4908-8841-8ee1808c80f7,209864.97
6b5e309b-cf57-49ec-b559-a01b2e8f7e11,142766.82
a10d07dd-6f9f-46eb-8512-cdc0e725de33,121678.83
22b55934-32eb-41a6-9cd8-4b644ddc7511,79728.39
52271f3c-bffb-4912-ac14-354ae89096ef,241216.82
247b4534-a5db-4414-af74-2b9c5b45e85e,148292.55
5eaafba2-d603-489b-a04f-50ba41570313,299887.65
76536d7e-2556-45d5-8e7d-62fad5ec5c3d,270486.9
65bdf99a-4d92-48bb-95bb-0630491a2d0d,134196.3
5bf2c0de-7e1e-4996-90d8-c0e4e96d6088,114123.24
8e9b9806-14f2-4388-be7f-ceb6eaa721a3,26656.68
4666ee58-c9f3-41af-9b2a-fa621f5c4e64,87847.83
c58d4ea5-2fe4-4c95-9322-c627fdce4dfd,279764.47
c27e361d-75c1-47cc-a486-b30433af2ddb,185393.88
c4275ac7-5050-437c-a1dd-c7e6bd4d5dfd,210640.04
ad926ab0-947f-4f7c-9962-4d181b7e8a91,419973.38
0856aa8a-7fca-43ad-97c2-2f682e9e6b2b,45671.85
90eafe5b-30a8-4fd6-9009-ce2db799153e,65970.45
2a212a69-f4e2-44d4-85f0-970356d0c416,197965.05
3303ce90-af53-4800-b74f-4c8fc1c0247b,340678.17
a4b976d7-4b47-4803-8d50-5d684a21de0c,447022.07
51ef2fd3-1f29-4776-acaf-5f68d3c3a6f9,421018.74
0435d3ef-116b-45f1-8ac8-40d81a3b9a03,244485.36
28f8c3e5-e707-4439-8686-6fdf6f67e382,164418.66
9d54414d-17c9-45a9-9408-f2d648d33c9c,164982.51
e9b16a09-abc5-44ed-862b-4ccd0c0db150,130700.43
30ac8366-62e4-4d71-b2cc-acfa83055f20,99012.06
3be8f346-8dad-4f8e-b3e9-f3d3633a7fdd,337182.3
0ee7324b-0cdb-43cf-b47c-9c72cff1e944,110808.16
4c0e40d2-7cd6-4cc6-ba31-26e7febed989,241666.11
21368baf-5786-409e-9a1f-0d7fb2548639,34507.62
54abd9a8-88a9-462f-9df8-247209fea05c,257792.22
d8e7caca-5ae1-4d9a-a58d-75141a13e191,152803.35
234b454a-27c9-4024-8a9b-c3ab2d08f2a6,160133.4
a30574df-c4bf-4dd5-8b5b-b1c85f1f0270,181898.01
9998caf9-c593-45ae-93e5-9274948467c2,57512.7
428b3168-9fe4-42a5-aaf0-fc7c8b61b695,64278.9
ca6ef28d-e564-4c2d-bcaf-05602efbd0ef,44205.84
1d5485de-29f4-452e-8ad9-1d6ab44f4c46,107582.58
95e98a3d-5544-4033-b1e5-1a54de710a77,45784.62
5b9bf2dc-ceb2-4f1c-90ad-9e65be0c70de,298276.65
3d07bb89-6bec-49e4-a8bf-744b6320594b,79970.04
11b589bc-2be6-4842-ad53-f58ed5695dde,236929.77
d92defa3-7d41-490e-a4df-7f4860e29194,206369.1
5b3a8c2c-69eb-48cd-ae70-fe26885c5fe5,563057.03
565b248e-f6b0-47ed-9cf1-3ade8202be49,145473.3
9fa87a37-ba97-48ec-b646-34dba217587d,494193.94
70c3d195-aac4-45fc-b593-0480f8cb8388,67098.15
800c2980-f730-4628-a43a-0cb38c182a86,34169.31
3ce327b0-922a-4cb1-b89f-7086a3b397a0,183476.79
dde0547e-3302-4645-8f38-fd56a5c474dd,129459.96
03014988-4de2-40a2-851f-cb53a0ad9485,132955.83
73edbacf-07c2-41f3-8ad4-37fc8e96129d,109161.36
abedcde7-5716-442f-ab8b-dffc2dd71d4e,129347.19
7e3397a2-d804-4ef8-ac7c-a57b86679ff2,484911.0
50cc927b-dbb7-41a2-9432-32a7b4ae376c,57625.47
6c54861e-6667-4f4d-ac16-7a51a2a0a0e1,271270.92
2deed878-c405-4a45-ab2d-064d01ea504e,68902.47
cbd3f359-b396-40cc-bb76-80213d79ea19,31913.91
705421c1-0b26-403a-b823-08c979bf04a7,159456.78
bb00da4f-19eb-4f06-a6d2-783edbeda712,147164.85
0569fba8-151d-42ec-9c3a-cdcc8a4a3205,185055.57
cde6ef6a-ca9b-4f4c-a67f-b60c53604b21,143781.75
ca1e74e3-e387-4456-948e-26d678918b43,192476.91
8215f96f-5f12-42a3-abf5-b7c0bbe5e4c7,26134.0
aea33db7-8ba4-45be-8290-aaf22675584b,625909.3
c5597ba3-8c41-48a3-a681-b7c6468dbe9e,58640.4
9ee84fa5-8a61-43fc-955f-06cecd0eb8da,97207.74
14d0b654-d91d-4680-9563-33ba0c7a4af1,45784.62
651da257-a910-42ef-9f38-0284457e25b9,144796.68
ed118fc9-0717-4e1a-a915-82f45df1dfd7,171308.37
b6667702-4492-4db6-a696-0f73508e6b5b,87156.89
1f077bb0-1b31-4867-ab29-2c3d19c17f7d,128840.62
66c89078-ca84-45b4-be56-bf814f2728dc,291655.44
159a5cd1-1068-40a2-8f50-d72a1a8d3132,167518.94
6980e837-3580-498e-8a70-26300b218740,62329.59
26366b06-f218-4730-8fbb-6d9842810e58,395371.62
dc6d4fff-99f7-4e00-9f17-39aa1c290ad3,95650.44
70a40f85-72d1-4de6-9ff6-2cfcc5555771,125513.01
bbfe4f52-8c3a-44b0-97a3-63aab3ada0a8,56836.08
a66c63cd-9530-425f-9b05-40517deaf516,43905.12
53669af7-61aa-4c21-8b6d-24cfe94344b6,42859.76
03446abe-0d76-4d3a-944b-b604968ccd24,157326.68
8d8446f2-f01a-4fae-b613-727363653787,164513.53
38bd6425-1ea8-4852-b186-70aaa6e904e4,100485.23
a79ddf6d-c473-4d9f-b17f-088d90a2ec4e,108259.2
f4373e07-b9d6-4e50-8e03-aed515b04554,64955.52
b2a498d8-304b-4fdb-a134-ffea8ce8fb00,60895.8
c773bccf-4710-4b90-8802-4c500b94bb5b,75330.36
a84b344f-290e-45f1-b84b-9f72d70e4be3,339437.7
0fc97a86-108a-4e9e-9695-dd348d49ad5b,227231.55
413b22f0-6be6-438c-abdf-02ff58bec2c1,154043.82
cad81825-831a-4266-9fd5-693ebbb5cafc,29094.66
688a82dc-94de-477e-b9d2-7ba04bfdb562,109950.75
9e662dfe-2029-4c1e-9347-a6eb80efa58e,108033.66
d66164f1-3fd8-46ec-8a9c-8c4176977ba3,132391.98
e508a2c3-ad17-4f1a-b2fb-1aa9a3bdb7b1,578606.76
5a72f141-77e7-4de7-91d1-ed5e399935bc,65857.68
23b40d81-c670-4e87-bc8e-1421d46b4af1,319226.81
c755b20f-a216-4009-a21a-335c432597aa,209075.58
2083544b-415e-434e-9f8d-8602c29ef90d,126527.94
a6a371c2-acb9-42a0-96f3-c0f463c9f851,384431.14
18b97976-17e8-4ede-a499-e14226226de4,259483.77
4cbdf8fb-b16e-47fa-8b37-513615eee5ca,266249.97
0b8d0b68-bd00-46fb-8873-fa4e288b6f2c,134534.61
e31d6085-8e01-478e-9563-b68c8cd0e1fb,85028.58
1339c8fe-5864-47f2-8705-7a80e414fefd,311647.95
1097f823-5bb0-448e-960c-ca72895c5860,172989.18
f865a137-7837-49e7-8945-1247d61bebd1,174444.45
f4db5b13-faff-413f-94e9-dd4afe1cbf0b,140731.59
0586cdda-e1f5-4fad-8fe1-ee09d4f5c944,149225.14
51dcb032-6efd-44b5-a178-a93515adac3f,116949.65
90b771ef-d734-4120-a5f9-b216d2d75bab,145924.38
ff668fb0-68bc-43d9-8563-3d73516463d8,257904.99
11c648e7-13ef-4f39-a98f-62e9776ecc41,93824.64
2ecad4a3-ff86-4ebc-8ca6-81761f90bd23,42627.06
2e595e85-447f-4196-9ade-cb901ac037f9,207496.8
046d0753-4980-4033-b233-86ccd422cff7,68902.47
9652ee62-7a28-4bbf-86a0-033479ac1571,318236.94
cf085c03-0956-4a14-92bf-99636ffbf0cc,100365.3
36c1648a-051c-45cc-bc67-552917cdbe73,55821.15
4d584f29-a79e-456b-aec9-0d7cbeded85e,47363.4
0a652d22-45af-479b-8025-b3175a26f45c,41048.28
475175a8-12d6-4766-b8a5-5fd86b69336a,56385.0
691a2bb3-b077-4a39-8591-3c31a13099dd,254521.89
07236b3f-33fa-4627-a035-715dce232018,149194.71
e03981c1-a22a-4023-8e39-2965dda849e3,104650.56
ad1e7f8d-520f-411b-8c3e-202380b6a188,69015.24
8e884095-df83-473f-b5e0-3083193a1ba5,312823.98
1b7cac9c-8954-4f42-a78e-7bc31d5bbd41,25260.48
24c33916-bf5a-4476-802e-036170b76e8f,69917.4
646b4764-e2e1-4a65-ad62-d749fc4c838b,74653.74
b5794560-250b-491e-80d9-8d32ef5295a1,384432.93
6f4eeb88-ab62-4988-ad8a-23fb8d07e0f6,220962.97
a60d2c0e-dcfa-45f3-929c-2432d076635a,101831.31
cc8f45a2-a0ed-4c8d-988c-813c4f49224b,70142.94
15e93b84-6ce1-4398-ab0c-eacda5d62b32,210767.13
2d7f6789-89ee-4fdf-bd31-2549e789a066,201181.68
a7f4cf3c-9cc2-47ba-aed2-d722466058a0,143894.52
9f717a78-9da9-42a9-a4a7-aea59c77a1f5,133294.14
5b01d634-349f-4dd3-b28f-53a5fbe891fc,168365.61
7e5b3a81-5df2-47fc-850d-c09b52a9987b,180544.77
c1601c3e-6f18-496a-b656-48439ed4162a,109762.8
5b9f4575-003b-4434-84a8-ba74a8d58be1,92122.35
7b64642f-3a21-4c96-a1af-3837b6202d08,35973.63
fb80d431-a82e-463b-b98d-33b9a866be9a,45784.62
10124acd-8dc2-4331-a3db-17b6123922ce,50520.96
2d32df62-ac07-410c-af6f-6e0955d72fd7,240989.49
a81a7d86-7739-42bc-b1a0-a642cd2a472d,158894.72
9ecf1a1d-74e4-469e-8669-252cd4480928,118746.81
8fb698ae-dacb-4eba-8eec-f1890fe3c2be,209075.58
0b624df3-ce7a-4550-998d-5ce0f41295df,32364.99
daaac29c-9f33-4627-a55a-9b73028cde40,121453.29
6afca65e-cfbb-48ca-9597-1e9724aee21b,151562.88
87c65def-3e13-458c-9eec-08d2e2f482ed,168703.92
aa0f60ab-d41e-48c7-b9de-05e58db7966b,114912.63
8b38b4ed-88a2-4ad2-ad81-430a2c23f1a1,126866.25
9307afb4-c5a9-4d19-9c4a-68f2d154aafa,241478.16
e77445dc-a030-464b-9b53-4d389f82360a,160810.02
399c180b-6bdf-4de9-8357-1e3dbe0fe4f9,203888.16
c910711b-4fba-4451-8d3f-321e8ae33d10,137241.09
8972fa66-ad25-4c1c-ac33-7e7c904374f3,461787.78
6b690d2a-1087-416f-ae45-2c7e695d634c,117844.65
6cfbc4fe-21a4-4cf2-a633-04ec24ec71d3,95628.96
400bfb85-2dbd-446d-8e8c-462a078dd9be,102507.93
398cbc67-cad1-47a5-9e23-cfd9b1fb85fa,196670.88
0595dbdc-1261-47b6-91fc-7451588d07f4,122919.3
3b8827b6-8aec-4b51-a0d8-b905f97b9bab,311909.29
06401ea5-845a-485b-aabc-9ebde1eee496,250102.38
660432ea-41bc-49b0-a346-18f012523103,172615.07
25dc18eb-b9e7-4971-9740-a94234ddc536,178364.55
324cc904-24b1-4e4e-9110-1a66f025568e,189732.84
59757942-bbe0-4908-9ed2-df6676fdc979,273492.31
718739cf-e11b-47f7-adaf-734691084394,56497.77
fff5b430-0284-4e06-a78c-cd053aca56d7,36537.48
31ffbbb3-8a9d-41ea-aa65-3ea71e7ee43b,220803.66
88932b5b-8292-469c-9447-4661d39f75f0,153254.43
0b158219-619b-414a-be22-b5b824c8a65d,139947.57
a57170f7-bcf5-4025-8921-dbfb8d0186ff,237558.06
69f13e2e-d439-4a34-a3ef-ddce20b0d633,535354.99
b2b0c8f6-5397-4bbc-97df-92cd2f1b23b2,282263.31
3c74df8b-d210-4bc0-8988-d89c676cbfc6,239523.48
5fc6e916-a182-425e-99e8-0159a7c05549,57738.24
059bca36-3cb3-4113-b33f-bfa6747927c6,56948.85
6892294b-814e-40ef-bff9-6a767dde9171,43121.1
20ae2896-132d-4ee8-b910-f4c7ed2eb0d3,355422.4
7970bdb5-b57c-4202-9190-782eeb31f771,115702.02
4a8af40e-8c15-4700-a2c2-1fd51693fd44,134982.11
2af90511-c67a-4a13-8862-72d7513acdaf,77134.68
b8339d2d-1c60-4348-a293-fc2079a03d5c,119310.66
724a40f7-4d32-48dc-a235-439bd17782c3,71496.18
6a57170e-0167-44b1-920c-3bae1504cd3b,168252.84
dca0ac4f-6d5c-4783-aea3-1579068cf7c4,101718.54
3fbe9c09-156d-4aa5-aa63-d21b337db206,47363.4
99be8ffd-fc21-4f4b-82e2-1571446acf2f,31011.75
e5e36d62-e84a-4676-a314-983ab40834d3,465740.1
b4c680ad-5b4e-4bdb-a911-16ca97de4a25,64550.98
ba480c0c-dc9d-401a-afcf-679aca449d26,278980.45
7f01c4c3-0465-4ed0-b573-dbc40a1e1f10,84412.82
5d62170a-65b3-46f3-bf88-a17cf2be1d0a,113446.62
9572b147-8abe-4410-9626-b58dde292ee6,220127.04
9955c485-f588-47dc-9578-84848322e7cf,216856.71
66b0e5ad-6ab3-4c68-82ee-52c627efc4ff,97546.05
6eaf9b1c-963b-481d-ac0a-2a73bed35328,392010.0
2c1cc765-166b-40d7-a542-a35ab649b836,208026.64
03fca276-c94c-4906-ac16-a1eb3059bed4,125625.78
0227e153-fc09-4ea9-88b3-36e186b47f99,185619.42
0734eb22-4b53-4080-80d3-749668ea6aae,185551.4
b306e3e7-d531-4742-8b3b-f6053d4df64c,105058.68
c0485971-579d-47b7-b739-2dfdd4badbd5,180977.95
a7760790-bff7-40b8-8542-0087589f9aa1,90162.3
299f85e6-6ec8-4e9c-aeba-cd57c2c36fc5,111867.84
9bf2c4da-03e3-4a05-aef6-cf66d867a2ea,263881.8
7b9f5368-ebf2-4dfd-9e37-cd8811f07031,95516.19
3b29949c-7f7b-4221-b8fe-f98394da443a,130023.81
534c38e0-d9c0-4b98-95d9-618ab4515f55,250755.73
21fa152f-3a09-4b17-92b5-a41cf6093005,98002.5
613f5ef8-56cc-4e9a-8ef6-48a5f514a4ba,154451.94
698924c6-3e29-4bab-9c73-9cf2b870466b,251670.42
c28a1d43-b4eb-47b8-bba7-326a7a226dd7,172353.73
f0f8055f-e499-43df-9b3c-70ca513fe95f,119761.74
86478b9c-9f35-4fdf-876b-59af67c9f6c3,40935.51
2e4fdead-8bab-48ac-950a-6c9455ef42f4,261175.32
4d1171bd-6b5b-47be-92ed-de92158816fe,159809.41
a0321cca-64c9-4726-9a8d-5612b3bd2308,54881.4
3ed408ef-3836-4838-9336-edb5ba6f6386,59204.25
bbffb2fe-5f7b-4ad4-98a4-3232a89d94d5,331994.88
d7bf17a6-9c8d-43d9-9492-afc3e9e79975,144458.37
2ef45039-61bb-4a4a-9a5f-0218ef1ea1d5,43980.3
1fab91c0-f333-4a67-afcb-ee654d3fec41,219224.88
80c077f1-b070-433e-96e0-7eb6771f20b1,147728.7
776e1d12-42cd-46d0-824d-2888926d7461,182236.32
be50ece5-9324-427b-b5d8-e422f6be1d5d,183702.33
6ab32cd8-8671-4a3f-9989-b52422f4c878,448198.1
7d67511a-489b-417a-a5da-7f5b49fc61a5,67098.15
8a0e29e7-7df4-492a-bc5c-ee4a90e37c8f,62925.66
28f6f89c-6e5c-4c37-8e33-39fc169ca6e8,99831.88
bc8e9258-c5a6-48c2-9c91-8958f6cd813c,155509.83
45e54fd8-a16c-4355-8016-781350786b66,239974.56
aacbf579-f878-442d-bf92-b34124c95b80,352939.67
9c324b12-138b-4e3d-898f-24e42c64b6e8,254022.48
61cc58b8-7f73-46e1-ac54-9a1f361f7ba4,132504.75
0f74edfc-97b3-4baa-9361-ae1156351ff4,205128.63
3d0a8c00-19de-4673-a2db-ff8f70266929,129885.98
365056c2-3b63-46dd-a548-fa7c1a78df39,196219.8
fa7f05fb-9ecb-43bc-a3fe-89652f42a3ed,52325.28
50e6832d-7c94-4828-b05d-49bbe01d76d2,76345.29
03c36aed-5c15-43a7-9718-da4ff7855f80,98133.17
4e69cbde-a729-4237-9d95-f73d71a44586,287212.66
fd11374e-20a6-4428-9abe-66ccad229fe8,127011.24
aaa6154d-3e7d-4274-b416-62f8a9ecd197,153367.2
8a9d7d2e-6542-4d6e-b76b-43fc204a2612,188426.14
4118ec4a-d151-43c1-b5b2-3004510d5ded,59993.64
b38f2770-7628-49a6-aed8-326c0eed7803,31099.46
c040d901-c6d7-4d99-9b19-341009eaf29f,148743.63
dc2132da-f518-4dca-a535-1680beac185d,270356.23
1dd40829-697f-412c-aec8-708c59c4d32b,121340.52
62ae700c-ec76-4432-88ac-0313c4d2ae24,131264.28
455b2dc9-3074-4fb8-a20f-389ab3f876b0,531304.22
824aa82a-8d29-4f86-ae6f-7e759918ab5e,181672.47
21ea75ed-c9ec-4193-a852-52893e28f7fb,188889.75
d486e8ca-6929-454d-9a64-5857fd88db7d,303154.4
76c86d08-cca6-4d33-ab87-c0498f172c37,102053.27
c63202fa-0f22-4ff8-9d8b-2b0e02badcbe,136338.93
918cce8f-9adc-41ba-bbcd-212af995940f,181334.16
8577d5f1-ede3-4b8d-bf34-50f7e6bfb278,50746.5
bf3757d3-90bc-4780-8a85-ad446bc47a6c,74202.66
1ecc3e3c-f506-4b7e-91f4-9efb120fa51e,50295.42
ffd46948-f12c-4a0f-9434-7624217a4536,38229.03
0c360604-3f35-4c70-8eb4-bf669cfcec76,283954.86
fbd2b2dd-f38d-4566-b237-4889d8d1dc98,240989.49
162af62c-3b11-4e8e-8ca2-cb23f086d0ca,126527.94
88bc6541-1808-4681-afcf-ecf1ecbc0bdb,126302.4
aceef10f-8bed-4b6c-a1f9-bc7bfd65ecad,128106.72
1df976fe-1eaa-4cd7-8ff8-90fd9e161198,116426.97
ef080ff0-800c-4792-8773-dc49c54e4355,131828.13
aa355ebf-baac-4003-812e-e5693bbced9f,224491.06
68b062f8-7f58-4530-8d12-da7b71d54a1d,182461.86
0d43f355-c253-4c47-acb3-a7fd90d1698b,173778.57
56bc2c85-4915-4d45-904a-910b592fcbd8,82998.72
2a7a99ef-d463-4ecf-8bd0-9771a373b983,275722.65
d8e40764-8538-4cb3-bab0-0465856e5a0b,128557.8
81064572-526f-4bb9-873b-9daf226f8c53,214298.8
64e6a1a1-f92e-4b95-b213-40281c76fd13,146149.92
115518ab-a857-4268-9ff2-9416183fdac0,67687.06
168793f7-7c51-4816-8789-5f1213045aea,145360.53
6dfe1255-5feb-4ab6-ae50-ddfa3800ba49,124005.83
0ddcf568-1775-4181-b068-eadd4b8df90f,168252.84
3b1f8156-465e-40f2-ab5f-da198c091816,175359.14
03a6e40e-4b75-4401-96f0-06b9fca06991,33843.53
af914cba-98f5-4eef-b732-3c4e7276729f,30576.78
93cc54c0-3132-49e0-bff9-2ae897940504,279503.13
bbd39171-18cd-43f0-abd6-d6710c36d98d,40769.04
9648f140-6973-4b93-b7b4-41e5159b62bb,184153.41
f02fd3d5-2956-4c8d-90bb-b0584b358370,212730.76
e39c17f2-f85f-43f8-b8e6-edbd4f9482cd,88463.59
11515af6-5a41-4a72-a600-24cf28e09c57,144390.35
26b0eae5-8113-4d94-a188-f6a73d39640d,154843.95
9a0250da-74bf-4483-a704-85567a4c6a72,102183.94
9c316a95-0db2-4136-a879-faa435106b91,111867.84
f217148f-7d11-42ef-b14b-e8d41502204b,301194.35
924a450b-0610-44fa-9bf2-eedbefe3b237,76796.37
d15bb62c-a4d4-45cb-9e7d-1a2013bd9ecd,78149.61
9990e988-e734-4be0-8504-848a782898f1,246289.68
a11a7151-e81f-4293-80a1-6db3b4883539,45108.0
d4aee0fe-4852-4e39-a95a-cd277a8b2cdf,240425.64
e5f7550e-5141-4a79-8183-113ec0741f70,319477.41
4e9fbfd5-fa52-465f-ba37-3d47b52a0a6f,156750.3
bf8a0482-859c-41ed-899f-3136237d9228,352939.67
71ec423f-8313-43b0-bc3f-9ea33704a62b,311255.94
e4290ab2-7224-4654-a0f9-332d7a73ea84,115512.28
dfe159b7-ddac-4739-9d8f-6b80039142b3,129008.88
a5bf2220-a9f1-47d2-9371-2d47eae2eaa1,202760.46
bacc0db7-b64b-462a-9251-d7d62d712d3d,194436.96
3146305f-8c02-40bb-a17c-6c76fd02f4cc,189115.29
63a500db-347a-44aa-b2b6-07e26784b60f,126527.94
8f92b270-70d7-41e3-a5c6-0dfe6905bb59,117280.8
65a733d8-5c84-493d-bc8c-a07f3b2ffeae,188325.9
1d1971f6-eee7-4382-be7b-effa243b6c72,91907.55
d128fafd-1ede-4c6f-8e38-269df8470f71,91343.7
c4e3f90a-24b5-4c7a-ad46-25391570d221,268843.68
2fc05288-1e2a-4e6c-bf50-41f08b8f62c2,66308.76
09f2faaf-93db-4542-8898-97061c317074,362217.24
c13ca167-997e-4c3a-bf6d-c26c70e0b7f7,242568.27
524093ef-7304-4c39-8f97-0bb1acfb180d,335168.55
87f86deb-1ff9-4bc1-910f-a1922ff552f3,240040.79
3567bcd2-919b-4167-b8f7-769d445f8ae8,239779.45
2b77c012-aeab-446b-810b-a73dfd596211,241478.16
3fa1bbb0-a1f3-4522-9445-ec9506b61b33,232853.94
fe42f8a7-a4b5-41ad-b7bb-1e2d986c9c7d,158103.54
07d9e620-c68f-4d0f-9fef-bc9f2107bf5e,129572.73
ea442745-e0e6-449d-8fdc-97628fc1b676,124723.62
6a58b2b3-a066-4982-ab49-86c103b22a0e,198487.73
12cba932-2a4e-4e19-936d-7337f1f54127,40484.43
bd19225a-dab1-4c19-8e3e-4d87163ce57e,226329.39
7489712f-1146-4a18-9532-ec8f932c73a8,125704.54
2adfa50a-9c29-4e2e-89d2-7ec0014aa40e,132391.98
02a6c095-4cf0-456a-9802-458a537f93e8,166604.25
1fc4842a-6547-4795-b6dd-d492be789053,276105.71
cc5fd1e0-bacc-4864-9634-62eea65631bb,284207.25
f434ecfd-6406-46b7-bac3-b945aa1176f3,105214.41
4f5caf7a-283f-4b1d-b609-29cdaf47a052,47041.2
2187273e-486d-4915-90d5-a4703c00c5eb,193391.6
210ae777-a8a9-4933-8329-f4a52ad843ec,227888.48
bb35c182-9010-4786-8d02-87da50fcba23,128332.26
db297d8a-9a1c-442b-8530-0ca96088b6f1,144521.02
7c601a4b-237a-43c6-8af4-27ae65d3a4df,207947.88
daa91a41-1646-42db-80d0-b3c1724a540d,215277.93
3c308702-364f-4c4c-a70d-436f78e5f19f,138707.1
940ea6ae-4eb3-4b85-84f9-95f22b385bb4,152352.27
4f90fa22-ecde-46a0-b847-f53c32953ac3,123934.23
11858dbd-cfb9-41f8-9307-830cb2845711,129121.65
d27cfc4f-af60-4998-b2ae-a080952a9a05,115589.25
f9558fa7-ff7a-488c-8c2d-88d6f8a13818,118634.04
6492ba1e-7f8f-4d8f-be7d-b1cabbeaaddf,136113.39
d9e5d5f5-4de2-429c-8f69-c0a65ee23273,43416.45
337c2668-9bcd-44af-87aa-96913a932aaf,234110.52
521c7159-1ba0-4308-bc13-33b6629ff910,221367.51
7224704d-68f3-400f-84f5-81fcfe08527f,74428.2
9e89d6aa-9b1a-44e9-afc0-eb0efc739311,118070.19
52789fe6-9c00-4a0b-9d1a-89f4dc74680d,130925.97
837b8e98-de8a-4fe1-96a0-5a8d728b9f0e,59977.53
3c640eba-8993-492a-9c53-0074fcd4c5a2,212077.41
99df9af4-2543-4c17-9cd8-0dbe81cf60e1,217195.02
662741ec-9792-4a30-9bee-3b88c998e8b8,387175.21
af9e4c1e-6e0d-470b-aca7-11fef93a69fa,22328.46
e15bb278-2823-4b6f-bfb0-0e6334f48504,42514.29
39726ea7-f991-4a09-bebe-f54c5c57b78d,244744.91
bbbf77f4-2825-4550-9b9b-b6430281a995,303023.73
33541a3f-f923-49e8-86cd-07be7edd739c,130813.2
872f3188-3420-46db-93d2-7cfb42c16219,199490.13
d77f51e5-d3d7-4722-bf64-16f76f5c06a0,105101.64
80edc8d4-7184-46c4-a2e0-51044fa016e5,120438.36
1016081a-7aee-4dcd-ba41-edab31365316,237831.93
db4016b5-b501-4920-be96-69eb1725e26f,60761.55
9118da0f-e39a-47ee-8ec9-cc885818f51c,34496.88
6adde5b6-6480-4976-a8cc-e2e6187b22bb,180847.28
e210beed-2256-41e7-aee7-b0599d4034e7,142766.82
4af0e5b2-ad0a-48c7-bdea-9842505793b5,97094.97
0ecf5e5c-94bb-4c3f-acf3-bd79fda82728,83449.8
26a22585-f4c7-493f-9871-60efb75ab50e,68902.47
2c201f8b-3373-49b5-abf5-c5a8f9ce8df6,41950.44
83f98239-83b4-4aa6-a4ab-2b7271a478df,133519.68
a773cc64-493a-46e2-958f-330e0b753167,133970.76
f8308d69-fd5e-42e9-89cc-18fd0f076548,101154.69
cd4d1334-9d33-4e69-8dcd-8e40f12a0689,70142.94
c4e7c128-67d1-4d3d-a809-27c9053ac83c,441141.92
69f4a012-e154-40f1-8f91-db9436653b16,184378.95
9bc1f43d-537e-4955-bb9c-acc346670322,105439.95
b86a69e8-02da-4771-a443-3fe69546e917,267941.52
f396275a-eaef-448a-86f1-17391410cb73,73526.04
967e7277-d49c-4eca-8c5d-cab2304053ae,39243.96
81d6e740-b255-4d4a-878e-6278de65ee50,265798.89
82b86935-7428-4336-aa89-b5fee47b4163,48603.87
2005b169-b426-4c79-a410-3198a7c4138e,172538.1
a98f1404-f5bf-4404-8cc2-2fd468e6b5f9,284518.71
f739ad74-db71-479e-9c0d-dc97d9be9456,278429.13
760960d6-5352-4842-be23-604df14b1702,140624.19
d520ea62-6c43-41a0-882d-663235d35b16,202422.15
95f8e529-2c56-4c88-b0ad-1d11d43b90af,115138.17
1d359a96-18ed-48c1-ab74-92b45893c4df,106905.96
54dba0cc-e7a3-44b3-81f6-6c06ecc49ffc,123934.23
f3d0da68-bc6d-422e-9006-bb8265ad0700,129121.65
20c4557b-023d-4d87-81f1-ab27953cbf46,64278.9
e610be6a-05c8-4bc4-a6a3-b69cc8a514ff,42859.76
0eebc4ae-58d0-46af-9426-177beaa386b1,65335.0
4bb0692f-b82d-4a5d-845c-80595d244724,310471.92
1807fea3-4f16-4b5e-85be-f8539ecb987f,290348.74
d22794fe-b24c-49f4-af27-d6150dd935b9,50520.96
a946f385-4481-45bd-816c-853264971d2b,64955.52
2c69e89f-499d-4d02-a7f3-26e6ba39233d,176033.97
d0e12a14-7ae8-4d72-8f5e-728fd8684311,262866.87
a78ab36a-46ad-44ad-bbfd-cb9cfe905ee2,138030.48
8144a181-4bf4-47ad-9431-4dd85b867c08,303689.61
7bbc6029-c86f-4544-bec9-dd511053a2b2,323649.9
18d7f882-49c2-4fa2-97d5-466d63ad4094,189340.83
ea24527e-031f-4576-a6e4-368a517d2667,200843.37
29798828-7795-453b-8a8c-34580e9fb628,344315.45
446c7d51-5730-4c69-a1f7-56132903affa,50633.73
5dcfbe30-36e6-4577-9a85-3e5e3f0450f2,263656.26
7a8e11df-169e-4400-abfb-aec5d0ddd1aa,94343.74
af93a3ea-8ecf-4424-9a12-98322f2533d2,260947.99
006a9388-8986-4bab-861a-9d62e93af0c4,34758.22
d82b6f63-f538-44bc-82d8-7979a6794153,52099.74
71ac4418-ae1d-4e59-8c95-1a6ebbb73dad,89652.15
832143fa-eeae-41af-a2a3-64b7af3ff477,46910.53
d29e3e79-3a8b-4cca-8f57-6869e7f9ef7f,283292.56
f17a436d-ea39-4c3e-936a-135e2dc04725,116040.33
46c8055a-92a3-4dbc-96ad-78e372f3c89a,214298.8
d9e67a26-60bc-414b-bfa3-8db9cae02f97,120212.82
ef78ff5e-6ccd-4e2e-9e7e-29c26f0fe58b,28305.27
efd991b3-6daa-494b-a3f9-3aca4457bb58,334475.82
a2723017-54eb-426f-9e1f-69f6217d5da7,326018.07
2031fe4b-ec1a-4a72-aaeb-8a808b0ab430,59585.52
203b22ac-d012-4180-9440-7b90e32b8cf3,265460.58
c13e451c-4b33-42ef-92d0-7b61729f84fa,198024.12
9a737a1c-db77-4a13-a44c-49394c79034d,200166.75
94816f80-bd8a-46d4-9705-4611bdef85fb,269180.2
0ca110b5-7f52-4f96-85d6-1cf4d8f08077,169478.99
a36f7763-8f58-4e04-9001-e83222b587d5,80517.78
3bf234e5-fcb4-43da-88f8-ac5d424968cb,286774.11
202d55cd-1845-4a2f-a7af-7b02e6627838,108978.78
778f86b0-39f4-4282-b278-a791af765eef,70368.48
b4418723-6fb3-4b94-9e34-2e0f2c62ccbf,175357.35
60bbc2a3-4905-4f5d-a9bf-16eedf203472,178176.6
10ac71fd-e872-4142-aa4b-56709d08994a,295682.94
e3b5aa49-7620-4294-93ed-99c6e2fffbef,159286.73
1d648062-e234-461f-b25f-1fbaf35aa800,45446.31
bda6ec6c-78a5-4b69-9b05-63352c8b85a2,73175.2
2d27c816-c0fd-4ab8-a967-c43339bfd75e,234291.31
1f66f704-185a-4e82-830a-3403a4cd2c06,187198.2
5b09767f-60b4-4ad5-871a-cf769f0eb867,166222.98
7a559760-d55c-437f-bbf8-2151063072b2,49654.6
aae09894-310f-4cc6-bf49-5e4fedabcabe,109762.8
1c86ec1c-618c-42c5-b270-bf77b8882bc1,646685.83
984f2922-5ea7-4fe3-a4f5-8065059b925a,103490.64
1313a7cf-6409-4bdf-9107-6c02e0c92361,30184.77
b2c79969-2ffb-41d2-8a15-d9ecfc7b4a68,51222.64
3ea45b50-9ebf-4e8c-baf2-11c1b3a3ecb9,110514.6
cb962ec9-fc27-4123-9ab8-d56ef6489cb7,146601.0
aa5b8db0-65bb-47ba-9f5f-8572f4e05b4a,246402.45
74d6d40f-9142-4899-8244-6e4e9514c9d6,87960.6
6b2f3a5a-c37a-4971-b313-6ecfd27cdf5d,72736.65
6e2b48f8-180c-4fe5-9506-be49735b0203,112995.54
08122a96-71f4-4976-94d3-30d5d73d8f27,68902.47
1665970d-cf89-4d00-865b-b4b07e5023f9,503630.82
9b4b97fe-b810-4e52-a7a2-68d296bbe74e,332163.14
866a342d-0513-402d-858e-1838fb50e7ec,104425.02
aef89837-8956-4b4f-b70b-cb75e2028e0c,147954.24
2c172683-0e66-4481-b141-8545fcdbae69,345865.59
1f31bf2f-0218-48d8-9620-fa15e78d72bb,66421.53
972a6ff1-de50-4fa1-8775-3d42bcf60d99,88524.45
5442465a-3c7f-466a-9300-72f32983407f,286097.49
82a0b646-9bcd-4ddc-9a17-4dd0b3648647,32477.76
3a2b3f91-642f-4f93-817d-80a2794c6ec4,240312.87
a1108f50-0c6e-440d-8f02-9105d302941e,258857.27
520d5452-f11e-4fb2-9f5e-1833c48e3929,99178.53
516f510d-c326-4695-b0b0-49be6c7f02d5,130800.67
7fe02cdd-5ea7-41b6-abfe-8d3a09cbef07,131192.68
4a42efe8-bd84-420b-89eb-cd59bdb7ae42,237042.54
c913ed86-64b0-4be9-a424-de1789ff54b7,264998.76
380db296-7a4c-46bc-9e56-21c04df93ffa,271888.47
998887f4-17dc-4a7e-a406-8fe67f51597e,198926.28
750a4f6b-1315-4a7e-bc09-b084d55b488c,74879.28
a148f1b0-9e3f-4b8c-9fcf-55acd3cdfc19,175470.12
1a948af5-56f4-40f9-ae8e-4f43399b34e1,267039.36
b9d5b958-7676-4c1b-990a-728ca49c6175,123821.46
dadeaea4-869c-4793-8f28-e5e4718bfcb6,26613.72
5e7b4e5f-fac8-4be9-9bc1-790a1d5f526e,128219.49
f909deda-af83-4c6e-9f9a-977fa1fa26ff,255198.51
98d1e322-0c5d-404e-93e2-74d78d94da08,138030.48
32bc1c5e-4cff-4660-9e41-e3f7ba2555f5,166561.29
0610b558-2519-4556-bb37-02ff050f035c,135436.77
23d8b1dd-c834-4411-b436-c657f289f4c6,193626.09
cbbf35b4-30aa-4188-aad9-1eb47d8a2ce1,431080.33
fdcc81d4-11c1-4241-ac02-d1543aa250d7,91730.34
bb80d30f-bbf1-4f52-8a8c-71c3318ce3d1,276173.73
efe390cd-1586-4e46-9df7-b90dc8395023,105552.72
81325434-18b6-4fec-a1e2-02f9faf0e4d7,297487.26
b51d95ab-eaa5-427f-85a2-ed5b831cbfc2,181785.24
63f07f10-7c78-47f9-ae6b-cf358df57339,175921.2
88adf47a-3d50-4428-a28a-cf1f27f09d82,235463.76
022f1bcb-87a6-4f16-8961-cacd86df8ef9,297938.34
9f2ac2a3-8a46-4812-9cd4-1ffbbf87f700,504647.54
22210e4e-a6e1-4b45-a058-1a07cb132cbd,74428.2
2adbc1c1-dedc-415a-ac63-3eeb1cd05f33,55708.38
2caefd80-5a06-467b-92b7-0feac13b863a,172989.18
e41b9da4-2437-4340-85d9-83f011296b46,305637.13
d07186e0-2879-4a18-a238-b26785f80898,233659.44
6fda7515-335d-4394-a728-c4f26165158f,348684.84
8db50400-fa4f-421b-9605-cea789c45e0a,127542.87
e0652dc1-19e1-4626-9ab4-b37afcd77aaf,139947.57
034b8b03-f455-4676-a6ea-89bf0c396269,220690.89
541fec77-8873-4537-88d6-381705724d35,286886.88
8122f309-cbd7-4b5d-9ac9-48be442bc637,204113.7
30082b66-b2c5-431b-a65d-24a6e655c87a,109612.44
733adc2b-931b-4b28-8ab9-c9c9b91ed56e,107131.5
c9582963-a6b1-49d3-b7e7-baeb0ca759bb,240171.46
3515ce03-edde-4b40-b5ef-8ff701d74c00,288916.74
5637b419-7f75-4fc8-b479-a9e95f77c2a9,66308.76
fb1dbe23-00cc-4980-8366-7736a68ed60b,73413.27
6f2fd554-f196-410c-ab68-108df2eeb108,341440.71
811aabbd-0c70-47b3-9fd1-c952375b782a,26003.33
7d95765b-02db-4f21-9f53-a298021e6eb5,139834.8
82353533-2d29-4e24-95c0-b3032be0a1b2,181672.47
deabd258-154a-4962-9c8f-f6c0382403d2,179078.76
45a9e823-0875-42f6-888c-3e434074e751,44205.84
b3217b4a-b868-451d-9e87-1a44217fb5a2,220690.89
af1c0b1b-94d3-4cbc-bdc6-ba7d68d13bd5,242793.81
74bacf95-3648-49dd-99a0-7db01a7b69a5,164305.89
7acb05fe-ada6-41bf-8999-55c3339fd0fd,63489.51
b3affe49-9412-4d35-82c6-323e31adb3d1,379073.67
cb19e15b-d8db-437b-8425-06569dc67889,55796.09
f790450a-9be0-476b-ba1c-6221560adf57,270196.92
7aae5ddb-d91d-49b9-916c-06d536e26dd5,55534.75
405ca480-0e0a-4f47-b962-3cba63f7edcf,114123.24
7b8bc17e-e660-43cc-93b0-aa71685a6289,52438.05
873d1611-d02f-4e88-871f-c4966e4123b4,74428.2
e8f40479-6dcd-42bc-ae11-3d89e65b199a,344446.12
a7834246-bfa0-4fc2-9ad9-35ef9302f9c2,169740.33
7bfc5ccc-b080-47df-9953-591e8f5ff812,166448.52
1b63a535-350d-4b9a-9693-d5e1780387b0,180770.31
f406b89d-b316-43c3-a6ad-cb31fe0b48bb,87509.52
9ec69f56-21d5-42f2-bd7f-d1d0c63c090d,37552.41
d92c8518-28fe-439b-ba0b-a38989c8ac3e,33154.38
85a47b58-bf82-4d28-a375-bcabf0598d57,87622.29
15abed4d-d37e-453d-9636-a6b5a1f39f73,310343.04
a64def78-6c81-4563-ba0e-d52e2dd0cde6,158892.93
8d9e7f82-830c-4f10-bd3b-3ef0e1fcc795,127430.1
518b088a-7ee3-4a03-b34d-d07950a38996,189079.49
8a660654-5dd9-40e0-9de4-de118de35606,361694.56
59e91fc6-94f8-41fe-9195-898195cfbff8,213122.77
d02c7839-ce60-41b7-af0f-0e637d4c4139,148702.46
10575cd6-c54a-489b-a643-e89f24b2ed66,494977.96
9ecd1e24-5e87-49b2-a6c8-edfcecce95fd,67425.72
bf81f928-e921-492c-9c7d-01120e75ad79,44427.8
bc966e06-0208-4aa5-aa16-4258afc63d50,182023.31
7869c959-2ef7-4fda-8e98-98aa07b3aef0,42337.08
4ba7533f-bc5e-4cbd-9c4e-95bf2f27ec1f,205918.02
bcae9085-b715-402c-a87d-fc2ca167872a,33041.61
aa3558cc-6704-4e94-8bfa-5c39f24fec62,53678.52
f92a5ff3-34f9-4a03-a515-0969c711650b,112657.23
532c6b4d-c558-406d-8709-ea58aa745f29,75265.92
41e4f7dd-b123-46e4-a0b6-d928b38faef9,38286.31
47f5ef9a-a515-44df-9bfd-3d51064ac0d3,237558.06
c8e8c99a-9cdf-4462-a8ad-8c42441a419b,289818.9
dd76a833-144d-4993-8909-a4ed624dc62b,159231.24
a23e32d1-8a91-47af-b386-2e43fb15f0ce,335299.22
84153c3b-88b7-42bc-aa26-649ee3cdb003,72398.34
a95d6403-b800-4bf6-a4f4-4f5d8e2e218d,32703.3
2d630c39-64a8-46ef-b15c-3657423575ca,159907.86
918dc491-fb10-4438-89df-fd1fcc85e0a1,185281.11
721294f5-9173-408a-bc18-9d314691b1d8,196896.42
c9748a37-44ab-4f5e-8904-3b742c77bfb2,146601.0
7fce17b7-34cc-4b3d-8e16-aeb50279878f,288465.66
79c4406c-6b42-4c9a-badc-6dfdc8a94b2d,270094.89
00f52704-12b4-4c22-8920-ccc2aae9f7a5,539536.43
f66c2bf9-21d5-4298-b101-0bd96f12bbaf,91456.47
9138a654-ed07-4d31-a793-263a157e99b2,37214.1
60241fc1-fccb-4db2-adb5-b8bc29f30169,191596.23
b0244d9e-7fe4-480d-8583-f75c7b31ea8c,166899.6
68d6592d-363c-4c92-8ab7-5faa67bdf048,341467.56
8606d84e-625f-4acc-b5e3-cb8193cb3958,114123.24
8e553248-6f3f-4a7e-9c7e-f3ba257dfd94,164531.43
912092f6-d968-45e0-8621-c6d5545fe20c,103522.86
746b1b96-4124-4eab-81ae-a85583e168a1,176146.74
0c0b3419-2422-42c8-8062-fc381983c2d0,128557.8
dafd9c4e-f150-4c1f-9899-d72a3190b371,153028.89
43443866-b7dc-432c-9786-ec8670ff6f90,90162.3
9128e3db-7d0d-40aa-a9ca-f187fc3062d7,180206.46
e4a3d580-a5fa-4bde-b51d-d256917dd7ec,63151.2
a4f0c8b1-7d3c-48fc-8f64-1da2feb12f8f,157426.92
fc32ad12-07a5-45fc-b3d1-a397f5c11c66,89652.15
b310b542-7f37-41ab-8b53-a1dce9fa0701,197911.35
ae0d0d3d-7945-4717-ab8e-8b93233671f7,212684.22
9392f61c-94f2-44e0-b0ad-6251647e56da,616501.06
1269f0a8-0bf8-498c-8f6c-a6ff922af310,125181.86
637ac864-b672-4501-8dd1-79f9a30d588a,53001.9
715a89a3-c9c3-4162-8b33-e0b7126ef7d5,76049.94
73ad9aba-2e08-4699-9018-a5250df6d41e,430949.66
2c4be047-6f0f-4329-acef-1f6a8d615dd8,150435.18
a0450d54-1071-451e-b6c6-4798d62e7ad8,259709.31
b96a6895-a599-4336-8d04-b7aab42bcf59,282263.31
8ca65b37-9efc-44e2-81e0-294fcbcfb36a,363523.94
fbd68b04-5560-4bf4-90aa-1cb776914965,42075.74
68c3a682-8dd7-467d-81e5-8270f0a2963e,174906.27
662af0a9-62fd-4f78-9e2e-4b26fcb4ad63,237035.38
9c6d226a-99be-448b-a56c-ade369db56de,293092.81
d73206e5-12e5-45ce-be6e-a8196898573a,282639.21
8845a356-17e0-4951-b65d-ccec50c0f66b,213473.61
29d4677e-ec36-4030-9a37-e51efb82dc2e,186521.58
401bf405-1434-4d99-a4fd-5212b35b891f,310994.6
d8505dab-eb9e-4824-b0a9-ca83b0772263,50177.28
0e0953c8-e5a7-4b58-9506-e34db66a0e4f,194044.95
238f9f36-4605-4622-9817-ffa90d1c19d3,150209.64
baa0f838-e01f-4b8f-8df9-79d23781838c,96173.12
ec6e283e-7619-4dd3-a837-6070254ae6ce,24471.09
04e35a5e-7b97-4a0c-aac8-6339e9e8619c,203888.16
c8e841f0-5774-4453-bb20-d288a70d8004,244744.91
9269c341-56c5-4e51-97e4-c03a5bbf907c,188438.67
d330e67a-8ee2-4b5d-aebe-5db3e44ed016,35297.01
280ee8f1-f91e-43a6-9555-dec39fce99f1,335941.83
5268dab7-d43f-4228-bbb9-1ce85a672a49,93690.39
d8c7207d-e24d-4833-a42e-a1af925b26c9,254153.15
32e7037d-abe5-409f-a6ca-758eebef461c,179755.38
25a17540-d84f-4f49-b706-824aaca76ae3,228246.48
b0e63bad-d1ad-4586-bccb-82254df17665,295231.86
b3780659-c07b-4d81-815f-b806f335ad0e,50177.28
c1738fc8-da70-4e04-a829-86ec70f7f618,154607.67
5c57655c-fb9f-40f9-8626-b6bfc162413d,114010.47
65e42999-688c-4b6b-8348-e96be14f5ee5,39582.27
6976f0a5-ca13-4a54-a877-087f5a41e33e,201858.3
065cae81-7b63-40b7-bddc-67acf790806d,174052.44
a8e4e2a5-7cd2-4822-b278-ccde49297a47,76796.37
37837e64-bd79-4d68-8280-10019999cf8d,32275.49
cea6a7a3-a4c4-4326-a84a-562449e26c6f,69516.44
e222f539-5c98-4249-add3-f266f9fbaaf4,127011.24
ce69e91f-0a58-4ad8-a6b1-5556a9723cea,82322.1
b0c61e67-d4db-458f-8b08-330335dc971c,262303.02
2874ac34-759f-4cc3-b80e-3d6e5f1e2ea7,133970.76
2f774c2c-f865-46e1-962f-4a0e17fec734,128579.28
08218600-f546-4a07-a156-1baf16a63af0,63038.43
5dffabff-a150-40aa-8f68-5c1d41e6d846,49262.59
efca7086-2654-4ebe-acee-d0242c47e1e2,270084.15
6a057e1f-5a53-4c23-8e7d-3ab1bfae0927,217420.56
e118c003-a36b-46c1-83fd-cd8cf8c9e631,200055.77
d8160970-4fab-4b9e-a08e-b04ea6cdd9f9,36086.4
7d36599e-9726-4ca7-9cd7-53be874f6881,189115.29
cb9e1417-6897-4698-ac47-b7f971bba2c8,53678.52
f76e4d98-9943-4d41-8cdf-c71e2f6e0664,260611.47
e02ad2ea-8449-4ea5-b4b2-bcef02b95218,129798.27
b3371ee5-34a3-40d4-b325-b0b7ccef5d42,182800.17
04e3b039-6fcf-449b-bf4f-362db29795a0,117341.66
f887ebaf-fbbf-46f3-aade-b17c122cbbf1,128445.03
66e1ee14-55c7-44ac-b0fc-0fa5590bef29,230371.21
6934fdc3-52d7-48dc-80c3-9a5a7705fc96,76964.63
7df068b5-0ec6-4769-a149-c77a0f643168,288465.66
098787b8-4710-4ddf-8e5e-72c2b58ab719,115138.17
b17ea199-f409-4b00-8bad-73c907e61c2b,156411.99
ead2db8f-e7cf-4dc7-b660-668ba2a015d4,202534.92
95f58b9d-271e-4ff9-8af1-918d04ea63a6,234160.64
e8746dc3-d867-47f2-a275-8d700b0d5e6c,105214.41
45af1c7b-c64b-4ab5-b560-01e7d874473a,139158.18
c718bcc1-e8b0-424d-b197-35dc0cafa9eb,240538.41
37caa6ff-57fd-485e-b215-15254f189988,147390.39
0f79b972-6ba8-4328-ae3b-79de4a76ee42,373193.52
e2d3d4f1-a9d1-4538-8c9b-a85e16e58c7d,257679.45
2c00a095-acb0-4c4f-a139-8acf81da2f50,237380.85
6185dcae-cd57-4460-938e-f88eecca04a4,31575.6
0268c96f-4bf8-47c7-995e-44580e8386c0,121566.06
62932b1b-7ce1-4848-b263-9ab5ad76e9de,212233.14
0c139e02-7f16-464e-8fea-60c3a8bac90e,88411.68
e5180ac1-a83c-4cbb-892e-40a8716f6b04,66308.76
5ba30b5a-cb59-4cdb-a035-6e85c767b9e3,204339.24
3190de6c-5bdb-4f33-a0bb-8ad8542768c3,189453.6
ede83fa9-f01f-4ca7-aede-4e837fff4622,218548.26
e56cc6c8-fc87-41a1-9736-041e6cfa3959,217195.02
9bed1931-b414-49c9-88e0-d57d2930815c,151675.65
d3087692-d48e-49c4-97ae-8e75e8e47271,88524.45
fad251a5-7874-4172-931d-3646c27b68fc,35860.86
d9894c3d-3e17-4922-8e28-7d99399ac06e,45671.85
26b9411d-8f51-40a7-98f4-1c8c8e845968,297600.03
175423bd-4063-4baa-8ae3-1a2b371d08b9,99309.2
842cab73-974b-4ffa-9d42-9d3dbfe2be36,48378.33
54889e9a-8ea9-45e4-93be-1748d4ee2ef4,54129.6
a17b6f58-ab1e-40e5-8b2f-b58d4ad65395,107920.89
5eeb1e17-8d09-4d03-b18b-80f722d9e3d7,308764.26
3cb266a8-76a6-4653-abd1-f2b82094acb1,218548.26
e48bf05f-0a47-41c7-89d5-b81c0341bb61,107469.81
ce5e62a3-8a56-4d48-8bef-04a323528efb,135243.45
daf10a64-f571-4503-ae07-e7ff0a323880,232592.6
acaac37d-52b5-4234-b351-7cc93eb6f9d5,144796.68
a7813b4e-9c73-476c-8466-bdb768f3ae71,210879.9
a2bed878-f83c-4380-891e-9fec4ccb0912,308642.54
792cddba-36dc-4650-8f66-950955fbae54,40246.36
1d96f633-ab91-4026-a713-03d5dcc59b5a,119987.28
77a7156c-2afa-4ced-89c3-a1e23f81f3da,141526.35
68355b8d-91f3-4a39-b14c-432b70062bc5,267828.75
7a3405be-00a6-4480-a0ba-f86c59c2c668,127993.95
e96070fb-efff-4797-80d2-cd508388e44d,144007.29
d7ce0250-0bb2-4eda-a988-88c8cd70923e,183815.1
415d6e88-eacf-444a-a01c-99897e755d9e,93824.64
9dc4c701-64ea-46e2-8b5a-bfdf7dc1ca51,193652.94
60c8bebb-e898-4f4c-b1e9-4c96fc80d87e,293354.15
7683ad2f-a673-4976-ba7a-b4c9b9250dfc,23907.24
ef685a4e-87db-4400-9b9a-cd5e5834c074,211556.52
32f5596e-bb74-4a08-bbe8-dcdb1495d793,48603.87
8b143a9c-cd90-4270-8f5d-53f69d90c101,45865.17
ce966d9d-3b18-4b51-a9d3-13d7be64bb1a,188438.67
bbabfda2-af8f-4da7-a709-0a36e2336ee9,116378.64
8fe65a16-7c1c-4ce0-bb72-ad2874bdb5df,214952.15
86dd12b1-11ff-4c6f-8329-2c2d66b0a604,128896.11
7ec87081-a0c7-441f-bb7e-ee10c4cab4b5,122242.68
1d54e6e1-4f48-4030-a3c3-2159f775ce25,144458.37
f77122b8-139c-47b2-ad6c-3d342587e559,145586.07
86f3bb95-cd70-4765-9baf-6a6d4f8e1753,49393.26
4838f58e-b63a-45a2-8705-c977e2cdae32,57512.7
035cb9a7-3cc9-4196-91f8-b9573ca987a3,69015.24
653c19d8-81e9-4d7b-b6cc-fdde19d6fd54,169348.32
600c0b0e-d5c3-43d7-bf6f-a4a4209a3bfc,296620.9
1b75c521-dd8d-417c-8a93-301e9bccf480,241216.82
e8965d6b-53a9-4b55-b41f-23732ea2cb5a,398412.83
02c820c4-9f71-44a5-8011-384a985e7bdb,322885.57
47fd6253-b074-4cfb-9a13-813ada21579b,240312.87
ef228775-ed69-424b-873c-36b49129f1e6,286435.8
41d10aed-58a7-4359-bd17-36a39823f5bf,161486.64
b2104ac2-2be1-4177-aa6a-7fc85af2e917,95741.73
c379f9ad-8964-4ad2-9cd4-7f838ad09048,43980.3
d43442f8-3f7d-4dd9-806c-385b750129a4,37552.41
bb2c950c-1d86-45c4-85e2-1ac0153c2846,207045.72
6a193373-abca-4410-becd-4ad7e1e09dea,129234.42
9a72f4ab-14c2-4b3d-ba87-41c0afa59fb0,88298.91
4d8f28a4-c82d-47f6-a1d5-87486be40c74,49054.95
b90ae338-8a28-4b8f-83b9-002dc847a0e9,282247.2
8e46804a-a446-443f-b484-bae70104af77,72962.19
2093f834-9318-44b3-a7a2-4f4542723ec5,130925.97
433a654c-d7ca-4b9d-9d4a-feeb4a49941d,353593.02
c345f9c3-61c6-4e6d-b2ef-5e3df67c5979,61153.56
fe664a96-6782-4b2f-8734-9dc9c087ed7b,223622.91
ba4f2bf6-5df4-43e0-836a-3c73554d7480,211669.29
53f5d1e9-440c-48f5-97a1-1f2c204973dd,240763.95
592951e4-1d85-4ca4-ad0c-477ca44815b1,132504.75
24c7b186-03a9-4562-964e-89b5befae00c,157201.38
dfa00bfd-1c3d-4d2b-8276-7f184a93866e,57174.39
b7972d1d-71e7-46f6-b9e2-c11388c75a6b,97771.59
62b817ed-c8af-4fb8-bde6-5faa601ffbca,31575.6
e01265df-dbf7-4afe-b59a-e39e3d5d610c,131038.74
3b321d06-57f4-4d0c-8190-8bd3e0a0ad23,169718.85
563fee91-64c7-474a-ae72-3cbaaf40954c,228810.33
27bc69aa-4576-4e27-8a62-1db564057cbd,156975.84
85ac5265-3142-4653-843e-9999ff32c3df,149758.56
6a05dd28-c414-4343-a782-1029715a669d,38341.8
a751068c-1a2b-47bf-91a4-6238b868d33c,233115.28
8a24928a-a93e-45e8-8294-73ee7f104df2,289303.38
2cb0b1f0-9cb3-411d-85df-762dc631c769,205805.25
89f5957f-b229-4dc0-9eb0-34781e749098,176033.97
22e326ff-85c6-4136-a508-e09f423e6d9a,181221.39
73c18a01-5cbe-4bfb-9a0f-e33409378ea2,205805.25
dde0b316-f769-41f0-99c2-e96436f3d84d,46912.32
758114dd-68d1-472f-8f19-5ff5ec00832e,211218.21
5dccb971-81bb-4135-aa35-20c5eca96e5e,143217.9
781806f0-95fb-4b2b-8906-b9f547885e04,62136.27
b33bd95f-fc33-42e8-923e-1a6026ecfc42,187085.43
1ec76ff2-0f72-4176-ae0b-003a44dd0309,99962.55
2ca1f1b9-69e9-4082-a23a-92b8676d1499,127317.33
7ab0e481-20c4-4514-8379-1d95de5ffe80,24809.4
acc99157-ec06-4940-b844-cf119ed035fd,110627.37
63d7bfa9-d843-4b7b-88b3-7a44ca7f274c,61346.88
7d514141-c5c9-4e06-86da-0356fb691e22,37214.1
9866c429-8641-4560-ab61-5d98e06da3b9,296585.1
5057acfa-fbe9-4692-9644-30f2ddb18f48,45220.77
f93df88d-ae9c-48d9-b249-b9fe8dcdf3ae,383981.85
9d2e7da7-9f99-4b67-8d0e-b9d0e159d25d,220014.27
41248cf0-b65c-4711-908e-d70186b101a3,130925.97
e699b2e0-c86e-4543-8102-4bcac43298ae,131940.9
4c84d532-0732-4860-94f3-5c888b2053a7,36587.6
ba11c42c-52aa-418b-b7c0-b0ba31b70ca7,247358.31
a97a8b3e-39ad-40a4-bd44-fdcee1936102,137579.4
2fd5c9b6-8efe-46b5-9441-b02acfa55903,73074.96
fc40b6fe-c114-4fab-98c9-986e773984d8,199039.05
41ad2023-a9a6-44e3-a29e-a3b1e91bd04f,188213.13
d178afe6-1112-40f6-a823-08d70657b99c,46574.01
5e7f17ee-ddb3-4502-85c3-57ecf0778093,69015.24
bc2699f9-08e7-4739-b0e0-cbb2560a0285,94952.34
39b2db96-7282-4ba1-8b4e-6571733faa6d,57399.93
46a2b959-ef22-4900-bead-7902fcc4316f,113672.16
868a0e64-55b5-4c83-81da-1e9a0703dabd,218548.26
dbce9043-fddb-47d3-a7d0-779ecb560072,165095.28
f0be2126-d401-43f1-b0c5-a24aeb75bb83,28530.81
fecabf84-ea05-48ac-8ee1-05f385ff345e,131602.59
bd934b6c-cd90-4a4a-9592-4658bc656de4,90946.32
3648a728-9a77-414d-a0d4-58342bf1e498,128783.34
a34d6935-81c2-41b1-93ae-edcdb9b6ebf1,173101.95
074d58c5-e1ff-4446-8b33-034dbb054274,43303.68
31a29d65-8901-4282-b2d4-e2bf08e4225f,96756.66
e75f99ed-1c54-4e0f-9aa8-9840ff6cd24c,507260.94
2c9c6052-fe07-42fa-a9bd-389fa75ad805,129798.27
80f7c0a9-fe93-407d-a32d-7f64458d77a8,48040.02
19a231d4-c93d-4eae-837d-86a962ab202d,130249.35
f60701d6-8f44-490d-82c3-e3b4acd2ce1a,343271.88
dca3639a-fff5-49fb-a9f3-c6488c832bdf,211218.21
2dfc566e-e395-4aad-8c06-941bdbf9c6b7,81758.25
a35c8f51-f37c-43d5-bc29-5c79f4aa8905,94614.03
00ccf311-8c52-496b-8f71-7c5f62c5d1aa,101718.54
00de4456-9664-4bd2-97df-85cfbde594a8,101041.92
90e23c4c-f999-43a9-823c-cf8217e123ba,263769.03
954031ce-999a-4c5c-89d5-1178f5e42284,164418.66
87b73288-58e3-4e52-accc-37cba83f3484,128445.03
4dd0632f-90fb-4225-8e46-5f1187cd5d46,125174.7
30f74d1d-7a02-4b3b-9f5a-29d892491ebe,454470.26
e66a7712-8491-4e10-a9e5-304e590d542f,260294.64
4998c651-a21f-4abd-8088-97b3e0bbe46e,79841.16
f21eb4c3-112b-4674-a00f-9d5f5e0ff518,80517.78
39ea9eff-9bf3-4cb4-9acd-255329d9733f,66985.38
a472d788-7831-4bc5-a0c0-c2a0d58e10a2,193400.55
be85851f-0489-40e4-b376-8ccceb304499,174680.73
09259a38-bf46-4f4c-87c0-9402d4a6a33a,204113.7
52c19068-a8b2-4a83-bfb0-f6d909864b7c,193851.63
ed5e0988-97b5-494d-91aa-bc46f068266f,203453.19
379bef50-3c36-4a75-a465-1b980ae1f9af,195090.31
5787f888-315d-45e2-82ee-5eb98ce28b6a,56610.54
39aa257b-62cf-45a6-a28f-b7b411946e59,26162.64
391a2158-db44-49c8-80dc-8957207a5e1c,136902.78
378d8063-9b05-4baa-9a0e-a97c6e787cd0,44656.92
28a5657f-a8bf-4c3d-a727-e9c4bc52d9db,87960.6
8657d81e-49b0-47af-8fe8-ce1794e66059,143330.67
425a4f4c-a0de-4039-9413-69a6737959c1,190017.45
ede03c5b-8dba-4918-be11-ae69be32dc95,177387.21
a5bea52d-e021-4c27-b3be-3a09a147da4b,52325.28
dc71c4b4-2874-419c-8bdc-f02dd3f53672,237493.62
c9af70d2-eece-4a34-b401-fcb305d4df27,174342.42
172beb76-6db2-45e6-abd4-9892656afffb,410173.13
3a1d328f-bb88-4afc-b74b-62f0a1630946,165689.56
27725409-fce5-4db4-b32f-1e756bc32b1c,170655.02
e8caebe9-5ba4-4f82-bde7-c90bb9bf1ddb,28418.04
fbb43e29-bd34-46f9-b1c6-c8df94f0b4ec,45446.31
65d362cd-4a53-4c98-ae7e-96d3c232bfa8,409355.1
9e2f6cbb-7ed1-4c79-be04-12f484a95e51,144458.37
0519c6ec-24fd-489a-8c92-edb7c59e20fb,153254.43
b8081aab-f507-4f0b-9e7f-e67518ee3ab8,48378.33
1b4e2251-c5cb-403d-ac21-e72e37841e3d,375153.57
9497e276-4eaa-40bd-beb1-e941bd2e27b8,195204.87
2a4a285d-aa0b-485b-ace6-654caec61016,211105.44
a189e172-8758-4a95-99fa-f8e95bbb5bc7,234561.6
0dd276a7-68fa-40c3-8bf6-2505b7e42b75,179191.53
7e2768c7-8651-4ad5-96fc-0d5f80967108,54918.99
e86f8844-9d1d-41c8-8f79-4995bbfef12d,34733.16
edaaad90-f642-45cd-b608-2458c4248b2e,364177.29
0afd6326-8ae5-475f-82f3-a62b3c2440f7,244222.23
fb50b2be-7c23-4d91-837c-cf26e9018f88,209977.74
82b518b5-befc-4e11-a02c-86fa25725f17,71496.18
2d2c84a1-4aa7-4767-b043-2d89a6581e4c,46686.78
7c491dd9-7d45-4796-b5fe-72ca7410cd2b,161824.95
5606902a-4e8c-4b57-97d6-05693cd04591,188776.98
ba55a0ae-ff15-4f7e-bf2b-6aa48a762794,96531.12
3f8339c5-ca29-41d5-9f36-b0a6768113a6,129234.42
0a29ff02-b2b5-4320-8f1e-3de77ac25721,228933.84
7f932fed-2a9f-47d2-a315-d2acef0af0da,218480.24
1ac73cb7-c945-48f7-9722-6ec865caa8b2,58978.71
5368014c-82ab-4f52-a388-a417daad843f,168478.38
08e110be-2878-4f51-bb8f-b54b158a3b28,129911.04
60e82f5e-0b3c-4c4e-9db2-aa97c3f25ec1,238080.74
eb3d6f4d-ffce-4111-958a-ef276b67fcee,238734.09
3a14f217-7a0f-453b-871e-6afe4c113b0a,308200.41
60bea3f3-3196-420b-aef0-a4bf615177fe,45784.62
8accfd74-9c07-4c74-bc24-6b1a6282821f,81419.94
8b3c7614-c4dd-4452-87c7-0e8a3addb8e5,26526.01
7a47cb3c-a73d-47e7-a328-6937b37a36cf,110852.91
4e8c6bc1-1e7c-40ad-8c5a-4b99a816b246,136564.47
e28fc202-f806-4a96-b989-99251efb4124,173778.57
7ae6e6fd-8c43-4ca4-8bdd-350449e4b46d,266024.43
381b370f-ce39-4805-95e1-3d95ef511976,268054.29
807f3183-b5cd-4e21-86d7-3cb451eca18a,358383.06
059b9f55-79ab-43a0-a153-abbc2291051b,321186.86
26eb82cf-acdb-44da-abf5-984be5cc4271,220690.89
da2ff42e-f824-489a-ab41-31cb0bcb21b1,74428.2
9f56f90a-b918-4456-a30a-01aa3043b60a,39331.67
08de84e3-7760-4c58-b0c9-3e9518772085,292863.69
52b2f53a-a295-4edb-978f-5fc8472a3911,32477.76
ee54e323-750f-4bd3-8244-a692aede3061,101138.58
67250d2e-2642-4b7c-916b-c68d74be54ea,31575.6
8a1136a1-d5fd-402a-ae6d-b0dc2ebbc9c8,73044.53
17ecf920-d932-4490-aaca-316bc433d0d2,93298.38
960907ee-cfbd-4331-87a0-70a8162eda29,300983.13
a4223298-96a1-49c3-8e2b-b5d159b84f2d,136338.93
3bd132f3-5cd3-44df-9c2d-b82899ab42bb,167350.68
d0de4a75-38bb-4d37-be97-72ab8d1064bb,305381.16
dce394f0-1a59-4be9-8f8f-454b209f66c1,289818.9
abf673d6-ce5f-4254-af9c-33a9d94f2ad6,154607.67
6d358580-b1ad-48bd-9001-20d1b7d3f0f3,157426.92
e7814f67-8174-40f2-a225-d51c83acfd4c,249108.93
6d912523-4f83-4536-869c-37aad9a0a155,276173.73
b587b401-66ec-4f94-874a-195377d1e860,193914.28
4ceadb5f-c60c-46c8-9b03-a55516b57441,251928.18
89d1e259-17aa-4538-9326-e6d94476b728,152622.56
a796bc94-ca6b-43e6-9af2-36eb5d2fba5b,27403.11
e174e84d-492f-4fa9-97e9-86aaa6d7a5fa,433375.11
99360b42-90c3-4c16-be31-0aa49695b80e,39243.96
b41afccf-6fd8-4cdc-b7af-7bc870167a76,28981.89
ac38213e-b527-4e2f-9e4d-70c9c42fdf78,141075.27
01cb4f1e-fd2e-4dbf-9cc9-fcd46d14bf4b,104876.1
d7ff907c-0bab-4dce-a72b-2eb1436787e5,269833.55
fab416cc-d822-42ce-82c2-c86d916acb28,104425.02
7f7a3d24-2096-473f-bcce-df2235170ae8,195092.1
f71fa5cd-bd8b-473d-acfc-3488dc42b10e,428187.69
5996e65f-231a-42fe-ba36-d890730be86d,171297.63
bf9b96a1-dc63-4df1-8ab9-3afef4ce8d51,82434.87
1cefaff9-a62b-4a57-9b2a-01ded0446c13,91682.01
669b6d81-7824-4ff4-9546-909c3ed1a285,106793.19
38902535-c6cb-4167-a8d6-6d09b5fa58b3,206707.41
6be0b23b-9f33-441e-a90f-329dafc1f85e,209075.58
8bc5cfc6-38d8-432c-83c8-fddb72df92c7,313477.33
4090196e-c887-4a6a-bcd6-1d90cfd3ae95,189904.68
a752fbdd-bdd9-451d-8e9a-53c32f3cefd6,205692.48
7b27070c-9b01-4e83-ac3e-c7c810b013bc,188551.44
e5b9af78-881b-4ada-bdbe-9e8cadaa2d14,241440.57
0336a0e5-a092-4bcd-a223-9c4bcb9e5138,30576.78
d603bb86-059a-4804-b292-18ffb8dc68b4,319618.82
612fefb0-32a6-4531-9d6a-e26f320cb7e8,222044.13
b582798c-b677-4bce-b7f3-f6887588a821,81081.63
86dea394-160e-4f88-8e10-ee80eefaf436,359172.45
c5391c60-6e60-4d04-a1c6-832fb2a3136f,102169.62
d2ed41ef-da59-471c-9f4e-1089c2a75485,224186.76
16fafe03-6bbc-4767-bd8a-19eab6b0ad7a,132279.21
990a09df-37e3-452d-9341-e71affe24020,207947.88
5def31d3-14b1-452c-8924-79ec9640aa46,134309.07
a81e11c3-c71b-4f72-ac27-5b7649ee7aa2,46912.32
435649ac-84d5-4bc5-bdae-9d15eaad96e9,57512.7
e29fe014-023b-413a-a39e-5e7563afdeb0,175357.35
ab12e8ff-8148-4152-a48f-a859e8424deb,329288.4
b3497b3c-f9ce-4202-b7d0-dae6a58d10b5,257811.91
e36d90ea-00f1-41f6-bb48-6bd4c0065d1c,116378.64
e88d352e-3276-44d4-9f95-e5993d65392f,44205.84
f819996d-6b37-41e2-a854-02cff8546d4c,212120.37
f02a4915-2686-4209-9498-81091af38599,208173.42
2e1ad92c-62b1-46ea-b98f-47df2fd0c1c0,52212.51
d73fee78-bfe9-450a-8906-20014d55c922,296134.02
4ab07d63-c1d7-437b-a7e9-aa5f34739689,55933.92
714221e0-3d0f-4dd5-9647-897d9b306383,87622.29
c1b6d269-4380-46b9-8197-7d52a782e939,253055.88
1bb947c1-f6d9-4029-82a9-8112eb693030,170508.24
561cff0e-52ed-48b5-814d-44c413915425,157765.23
8f6aa3eb-59d3-4a71-b7f8-79f11c83b916,93373.56
8cd1d7b1-ab54-4783-94eb-ed37f0e5430d,120889.44
7285a1aa-37a9-4f07-8ab8-c84f40acab1d,252323.77
aa51c5a4-95e5-4ee2-9169-3a4e544af645,93260.79
21557c07-d0a8-4704-9a30-0ca645498e4a,128783.34
12b4a469-b0d0-43a5-bc9b-d8ccc7d940e8,167463.45
62573c5c-0c41-464a-a28e-1a4926827fc1,30447.9
468b102c-4ac8-40e2-a4f2-b61a8d929244,530808.39
dc6e0469-4c74-4776-8a9d-7d9d4885660f,75788.6
ffa13141-63ce-4788-9661-aec40f5a6ecc,159118.47
a412bfa7-e37b-4ea5-9597-8829cb2b9fd1,99801.45
e51e166d-0abc-4be9-bbc8-4e931450d7ce,176259.51
67a927b8-6d49-4c5b-830c-306c9b5d83a3,70142.94
c3995af5-9638-4011-b1dd-ee1258f26fe0,209864.97
c3d32bb1-230f-4988-90d2-88ed35d10057,139609.26
5cb132fd-513a-4100-bf76-404e47d38b95,236253.15
01a4b623-ec2f-40af-aed3-5261d4379515,315981.54
6b0e0fb0-b500-44ea-b79a-5afe6f1c218e,220014.27
80d85301-9326-40bf-8d4d-a2d30e984929,48152.79
1246d4e1-255f-454f-862a-c7e27080628e,43980.3
b00bedf4-546a-4fcc-ae64-ccadc76b9ec4,264671.19
f3a04f29-9ef3-4380-93df-5fe4fb7db896,92584.17
6105d00c-7c35-4d30-a776-81d4bdf031f4,135098.46
470e3ddc-56db-4327-a341-e0e348328407,125174.7
95b66187-1772-41bd-9262-990fdae65749,92133.09
3312a2e8-8ea7-40b0-9ec4-5f2aa5ffa3b6,154382.13
6b409916-e858-4210-8b79-ded2dbb0a86f,125174.7
d9dbdf99-82bc-471c-87c1-7eafd2fe8b74,24358.32
dc1fd65a-37e9-486b-8163-e083d97b8385,69516.44
eba8c4da-5d8a-4d32-9dee-a5857812c8de,45559.08
98999545-bb30-4e7d-bdce-5ccab1253e4d,283945.91
bd5d6d0b-aa4f-40e2-a9ab-6dbd89caf171,184717.26
a62f4a98-84b2-4e53-ab71-07262a60807d,302370.38
3ab58348-184a-49be-a045-352a417255ee,146149.92
f2e880fb-a7c1-4ad4-824f-3dba9f72e9a2,93298.38
be2db4b6-f57e-43b0-be3d-16e6fee0d7ee,138594.33
726b316c-704e-40ec-8234-c140a2ab9a81,95177.88
2c31001e-b4ff-483e-a443-df68843cba2f,117957.42
730a17a4-786d-4ad1-b274-b471eae020a0,66903.04
93c8be46-9a5f-430c-918d-91bd800af3a7,38678.32
96fef6e3-31f7-40bd-9dfc-53e6ba2db0d1,115904.29
2679ed9f-668b-4990-8a85-eedea1161770,123483.15
16034c83-050d-432c-ab64-b49bb2ba1652,298450.28
fa0326c9-12fb-4ecd-b3e8-25a854fb3953,47927.25
e9627de5-5e09-4e7d-8f52-3b07be324f30,105778.26
6d3792ab-7929-4eea-b0a6-d9d19ce7d308,106905.96
e763583a-cdbb-4ac0-9a13-f49bb3d0ee39,90328.77
d1f9f4f4-2c0b-4af3-b6d9-f3c898be99c0,83337.03
b34a65cc-7d9d-48cf-9b70-4d2876ff5104,295575.54
42eac2a1-0f18-493c-b550-d47c0cec6b89,46912.32
db81c93f-fe74-4035-bc0a-0fc8cc6faf6a,245274.75
ebb3cc2d-b00b-4123-850a-c59bd65618ef,175582.89
20250da6-bfc7-482e-aa4f-136eb9c02092,225652.77
81b6bc65-3dc1-4ef1-801f-f42d2af67951,285383.28
1e14141f-04a6-43c8-84c7-40b89c11463f,81668.75
f5839701-1d63-4ec5-8595-842cdd670be3,238846.86
2d3f5703-2da3-4199-bb50-7d7b6c1cdda1,295119.09
31a5d213-6904-4a53-8f06-3a14036b9cc8,137464.84
c1f9556a-0211-4b5f-a910-28e7c32cef02,183589.56
51c44cc1-fb3c-4d2a-8ae4-a3a011125479,366790.69
cea99a01-5bd9-48bd-9556-27bb7e4ad232,70819.56
1d7375f7-6d25-4aeb-b619-d3db89216bb0,132843.06
4a0311fb-0add-4dc4-ae4f-feca9c5749d8,372930.39
6ceec23b-d12f-4b56-8924-88d79bb89ca8,309666.42
f31d5853-57ff-4baa-8dd2-729f3f757456,215729.01
1ef3b665-709c-4076-8db9-55a319d83b32,266475.51
0a8244f4-c5c2-4340-9e5c-3fc9c5b9b0df,48829.41
6ac02388-f64a-466e-811c-f575bf3d1408,112318.92
27ecf36e-0a14-4e36-ae39-51820d3363cc,93711.87
fb61e3e5-64be-4b7a-a84f-c90672e976c1,100478.07
83b5367d-4d1a-4d2d-8bf6-452eda7810c9,39356.73
3070e869-35ee-425c-b6de-bbdfe08b1b8b,163742.04
8b58ddae-feb2-4beb-b770-c839eae54f90,169380.54
78d226cb-99ec-47ad-a043-24c6bdc870af,39582.27
65844562-aa0e-48e8-b894-91595f4a2f0e,69128.01
37bf7039-173d-4fa4-b99c-ccfe94690885,321620.04
78801258-c89b-4c90-a588-5ce98d395193,31801.14
45948f04-8348-45eb-a36b-3a1b7e594810,206820.18
08272a76-a768-46ed-bed9-d60c058de64a,93599.1
99135d6a-2885-4658-b3ba-fda406143934,146262.69
7ed3fb9a-0002-4ca0-b90a-ea72c2421b3a,129459.96
2b041638-92fd-44d7-b489-93cdd9d9a401,151675.65
479c5f0e-242c-4a1b-8d15-ea604cb655c7,112431.69
8cda9024-f7ec-4a7e-a6ff-7feeb3761c03,76458.06
235b71d1-c64c-4b2e-9570-2eac285ed36a,207111.95
e3734e61-5086-4efb-9a35-70b91838c635,149194.71
3ed7acb8-0280-4d65-bae2-0d5f757ffebb,233772.21
79c5453a-672d-4a0f-9655-723d129f1b7e,48378.33
d3339d1b-1a6b-42e0-b5b9-6001958ba0ab,86043.51
4fe5be0b-c993-482f-b859-244fa1ee074c,112206.15
650b7c8c-2208-4427-9e6f-21587cf23739,151788.42
ec2d3d55-0936-409a-8ed3-fb3b06e09fda,41048.28
548ee528-1e48-48cb-9b05-9f8771326a2d,108710.28
2362ae3d-de1d-4e95-9e68-10be1945ce42,212120.37
25823b9b-e4ed-4d20-a1c4-38583953f744,215954.55
d7b80dd4-9c64-4a8d-88d1-873866271b38,223315.03
6a67b1d3-2cbe-4e7c-b789-b2af001559cb,145811.61
a33d71b4-94f1-4784-8794-f9e4b226a7fd,579652.12
06d2e8e0-735b-4e38-b002-7dde5c522a48,81930.09
75ab6d59-5826-4c1c-bf87-b0392d5c0ba7,38905.65
8a4ae47e-a70c-473c-9d20-5a34b3d5060a,193400.55
65cc5810-cd8b-4246-97d4-fa47af9c9ff5,45473.16
b8c6bebd-7238-4454-b114-d3f6cae5ecbf,70932.33
0b51f2bb-0bc2-406c-8b3c-97515e2ccef8,183927.87
e0be9b3a-d755-4f33-9cbc-54df6076f76b,446456.43
8f251c37-4d75-4fe0-bea3-141548ccd487,349019.57
34fb9505-9742-44ef-a58f-3329a35dc00f,131038.74
83179a94-2a44-4005-a834-a80bc1976ada,305493.93
96ae4a62-31f6-46b0-a473-ac534b2b0a10,281925.0
71208f14-a1a3-42e4-a2f5-eb7df321826b,102620.7
db4593a5-9cb7-4484-8763-baa1e147fe05,107410.74
fea0b120-c74d-4df9-b390-ea02542ce0c0,121566.06
07603d67-6bc7-4862-9943-070cb0e5afd7,49262.59
81fe41e2-5cf7-4500-ac9f-581b76a9910b,346542.21
5917b050-bee2-4fe5-b629-4230da70ec6a,223284.6
11d4c0f5-cee1-412f-a70e-fe934dd1996d,30447.9
8ab5c0e6-3ffa-4de5-8c9c-f34abb256da5,27403.11
4b90a7aa-94fb-4b66-9b30-8e37ecf7dea3,46799.55
2a06d31c-19c3-454d-854a-9b2496dfca78,229148.64
a1316035-383e-4964-b573-e40ff584687b,129885.98
f10ae564-2991-42b4-a8e1-5350c1b94f89,96756.66
98983a3f-393a-47f5-bf6d-2e034df31dcb,73638.81
da0e8ad9-4e18-4ce9-9c41-f6ad6bb63075,326936.34
fdaf18c7-4d85-4923-9d09-c37cb21b9ac1,104536.0
09b7610b-3b2e-49e2-a69d-681902a3bd37,33451.52
8cd14ba9-b512-48a9-962f-687aa42e10e3,215277.93
4ab36ab4-5784-4514-b050-fffdad2e6bcf,202083.84
6f6e5490-2fe3-4567-954d-c171426aa562,108371.97
5375fb3e-e93d-4bb6-8b5b-6a559a9b8336,127881.18
7c4f259e-443a-41bc-8025-707a9f00788f,144683.91
bd83aab6-9fd4-4e7b-98ce-24d64956b4c7,553136.85
e15c40ec-1f22-405c-b258-b0db6b771b91,182284.65
8492422c-f0cf-43ee-900a-ded5da15bc17,292700.8
75e8b859-ca21-4cce-add2-1f376bcf0a3c,178965.99
0a058f8b-8eab-4246-9e45-245077e0e778,195743.66
009b91be-0669-4d96-899d-d1a12b0f8b3b,180093.69
95c14f65-0e33-4f51-b3cf-d2d587c332a6,228472.02
b025eda2-69c9-42ed-bcbe-552c5cc06cb0,198926.28
d27011fb-8e11-4049-8a4f-97dcd87c80d8,29996.82
c002d1f8-15bd-4945-9e70-9a28c7402413,159118.47
e6e5e9d8-5e92-4870-a1f5-baa9e20af88d,170395.47
0423e975-8b91-4a46-a23f-63f348737eb7,310343.04
02afe6d8-c3e6-4bab-9640-0dcda46a7383,128332.26
